cod_mpio,nom_mpio,dpto,tasa_prom,tasa_pico,pm25,poblacion,indice_vulnerabilidad,nivel_vulnerabilidad
54810,TIBÚ,NORTE DE SANTANDER,67.07964483552085,469.34506248994256,30.71875,60007.0,9.49,Alto
52079,BARBACOAS,NARIÑO,102.60926454180296,398.22899403893246,14.687246610411117,57633.0,8.95,Alto
27025,ALTO BAUDÓ,CHOCÓ,132.53116644955122,486.0923575479341,14.687246610411117,40733.0,8.92,Alto
94001,INÍRIDA,GUAINÍA,153.10967774439263,551.3981882630957,14.687246610411117,35041.0,8.9,Alto
27077,BAJO BAUDÓ,CHOCÓ,210.86177603742115,633.5501233460417,14.687246610411117,32059.0,8.88,Alto
27001,QUIBDÓ,CHOCÓ,61.64371424661777,284.6650670381933,14.687246610411117,137257.0,8.88,Alto
52490,OLAYA HERRERA,NARIÑO,139.17536695239224,623.8207093072509,14.687246610411117,32759.0,8.86,Alto
52250,EL CHARCO,NARIÑO,91.9372371567867,349.986875492169,14.687246610411117,42525.0,8.83,Alto
66572,PUEBLO RICO,RISARALDA,78.92975224653335,203.94697378681545,21.15743801652893,16671.0,8.82,Alto
13873,VILLANUEVA,BOLÍVAR,47.339321932062376,310.3180760279286,16.05,25278.0,8.79,Alto
52621,ROBERTO PAYÁN,NARIÑO,159.96986708626198,603.8370404341512,14.687246610411117,25433.0,8.76,Alto
5250,EL BAGRE,ANTIOQUIA,32.02940145246722,100.87623870087228,20.35111111111111,54863.0,8.59,Alto
27787,TADÓ,CHOCÓ,136.88259903090426,474.7248161093432,14.687246610411117,19169.0,8.57,Alto
27450,MEDIO SAN JUAN,CHOCÓ,121.05742597108639,1146.1318051575931,14.687246610411117,17859.0,8.56,Alto
52427,MAGÜÍ,NARIÑO,70.58302757547612,244.91700034988145,14.687246610411117,25723.0,8.51,Alto
27150,CARMEN DEL DARIÉN,CHOCÓ,66.1809788999838,716.4606842199535,14.687246610411117,21107.0,8.49,Alto
5628,SABANALARGA,ANTIOQUIA,60.55405432943407,207.54486631668905,24.7,9409.0,8.48,Alto
13458,MONTECRISTO,BOLÍVAR,36.282610675355265,214.4266232095377,16.05,23318.0,8.46,Alto
13490,NOROSÍ,BOLÍVAR,58.50159137407178,332.0961125219769,16.05,10549.0,8.45,Alto
52233,CUMBITARA,NARIÑO,88.7326303589998,642.8218229767594,14.687246610411117,17071.0,8.45,Alto
27073,BAGADÓ,CHOCÓ,301.1054422711911,1773.274224192527,14.687246610411117,11272.0,8.41,Alto
27425,MEDIO ATRATO,CHOCÓ,43.76154353006231,253.0199151158995,14.687246610411117,33542.0,8.41,Alto
85015,CHÁMEZA,CASANARE,88.47302224423188,264.55026455026456,52.0,2646.0,8.41,Alto
27413,LLORÓ,CHOCÓ,169.93844218833962,732.9203385393945,14.687246610411117,11546.0,8.39,Alto
27099,BOJAYÁ,CHOCÓ,103.47094522454024,1070.713295331998,14.687246610411117,12982.0,8.37,Alto
27430,MEDIO BAUDÓ,CHOCÓ,97.6824301137803,274.0067256196288,14.687246610411117,16058.0,8.35,Alto
13838,TURBANÁ,BOLÍVAR,37.569135508453556,219.2841019026121,16.05,17455.0,8.35,Alto
85325,SAN LUIS DE PALENQUE,CASANARE,40.535677911811895,213.7826961770624,52.0,8582.0,8.3,Alto
27495,NUQUÍ,CHOCÓ,60.394733691336256,413.0386246930119,14.687246610411117,17342.0,8.3,Alto
99001,PUERTO CARREÑO,VICHADA,46.62682078298965,345.3708191953466,14.687246610411117,21389.0,8.29,Alto
23807,TIERRALTA,CÓRDOBA,52.51470659121674,173.17445264503365,13.8,109770.0,8.28,Alto
27050,ATRATO,CHOCÓ,106.12484842464495,425.53191489361706,14.687246610411117,11045.0,8.26,Alto
52390,LA TOLA,NARIÑO,71.31200660505594,290.8898585217506,14.687246610411117,14828.0,8.25,Alto
85263,PORE,CASANARE,32.93818305793298,138.99418751579478,52.0,12270.0,8.21,Alto
13600,RÍO VIEJO,BOLÍVAR,30.67769456993899,187.6340243030736,16.05,19282.0,8.18,Alto
85010,AGUAZUL,CASANARE,20.276053219073475,108.87190178364604,52.0,43170.0,8.17,Alto
91407,LA PEDRERA,AMAZONAS,401.50159761330724,2166.953952228515,14.687246610411117,5569.0,8.15,Alto
85139,MANÍ,CASANARE,29.23151531802644,98.9742666906604,52.0,17481.0,8.13,Alto
23580,PUERTO LIBERTADOR,CÓRDOBA,44.04254422158691,178.62795640573418,13.8,53990.0,8.1,Alto
99773,CUMARIBO,VICHADA,28.328978338838116,147.63659435320528,14.687246610411117,81958.0,8.09,Alto
73671,SALDAÑA,TOLIMA,51.58333863061869,204.4557247602933,14.687246610411117,14736.0,8.06,Alto
91798,TARAPACÁ,AMAZONAS,211.97645874488592,803.4894398530763,14.687246610411117,4356.0,8.05,Alto
91540,PUERTO NARIÑO,AMAZONAS,59.15493455638857,410.8463434675432,14.687246610411117,10418.0,8.04,Alto
85430,TRINIDAD,CASANARE,25.284214463627475,117.23329425556857,52.0,16207.0,8.03,Alto
91001,LETICIA,AMAZONAS,25.137727037421612,295.70523351325977,14.687246610411117,52226.0,8.03,Alto
54553,PUERTO SANTANDER,NORTE DE SANTANDER,27.10656911906331,362.5546155991448,30.71875,10926.0,8.02,Alto
27660,SAN JOSÉ DEL PALMAR,CHOCÓ,108.42031936358579,527.4261603375527,14.687246610411117,5394.0,8.01,Alto
50150,CASTILLA LA NUEVA,META,46.13413322967746,185.13375914097932,14.687246610411117,15232.0,8.01,Alto
50330,MESETAS,META,53.950767801160566,234.31398073418384,14.687246610411117,11747.0,8.0,Alto
97666,TARAIRA,VAUPÉS,314.1616178634292,1694.915254237288,14.687246610411117,2426.0,8.0,Alto
85410,TAURAMENA,CASANARE,20.377030448765186,113.14502768012284,52.0,25476.0,7.99,Alto
54206,CONVENCIÓN,NORTE DE SANTANDER,22.098885918782994,143.98848092152627,30.71875,20438.0,7.98,Alto
13654,SAN JACINTO,BOLÍVAR,24.55029451276838,129.366106080207,16.05,25185.0,7.98,Alto
50110,BARRANCA DE UPÍA,META,73.03610157472909,502.39234449760767,14.687246610411117,6869.0,7.97,Alto
15667,SAN LUIS DE GACENO,BOYACÁ,107.84943932576245,557.1030640668524,14.687246610411117,4667.0,7.97,Alto
94885,LA GUADALUPE,GUAINÍA,326.83443396328664,731.7073170731708,14.687246610411117,429.0,7.95,Alto
91530,PUERTO ALEGRÍA,AMAZONAS,168.7845649790053,527.7044854881266,14.687246610411117,2289.0,7.93,Alto
27160,CÉRTEGUI,CHOCÓ,47.89946267792292,322.4545632206371,14.687246610411117,10234.0,7.92,Alto
54680,SANTIAGO,NORTE DE SANTANDER,39.8052848275836,139.2757660167131,30.71875,3741.0,7.92,Alto
50124,CABUYARO,META,70.55977395363159,313.63088057901086,14.687246610411117,6389.0,7.89,Alto
41349,HOBO,HUILA,63.14900876603872,283.7684449489217,14.687246610411117,7578.0,7.89,Alto
91536,PUERTO ARICA,AMAZONAS,128.80722098052547,669.8564593301436,14.687246610411117,1320.0,7.88,Alto
20770,SAN MARTÍN,CESAR,51.222861434876386,353.9355520338088,13.316487459299958,29439.0,7.88,Alto
15377,LABRANZAGRANDE,BOYACÁ,73.92288411955978,402.65753976243207,14.687246610411117,4967.0,7.87,Alto
15518,PAJARITO,BOYACÁ,142.90517821116342,403.4969737726967,14.687246610411117,1487.0,7.86,Alto
27491,NÓVITA,CHOCÓ,48.03005309608567,200.8284172210368,14.687246610411117,9813.0,7.84,Alto
54239,DURANIA,NORTE DE SANTANDER,43.279304801097716,82.05689277899343,30.71875,3679.0,7.83,Alto
15401,LA VICTORIA,BOYACÁ,112.55903405408544,418.41004184100416,14.687246610411117,1673.0,7.83,Alto
81591,PUERTO RONDÓN,ARAUCA,40.89030900318243,104.71204188481676,25.23333333333333,3825.0,7.82,Alto
50400,LEJANÍAS,META,42.709117092608516,172.54394478593767,14.687246610411117,12007.0,7.82,Alto
27810,UNIÓN PANAMERICANA,CHOCÓ,43.234011327762666,264.16201937188146,14.687246610411117,10221.0,7.8,Alto
52520,FRANCISCO PIZARRO,NARIÑO,35.88006813570373,156.72913117546847,14.687246610411117,16960.0,7.8,Alto
97889,YAVARATÉ,VAUPÉS,120.43677227981834,326.26427406199025,14.687246610411117,1226.0,7.8,Alto
50568,PUERTO GAITÁN,META,22.388012777321233,184.1426842742148,14.687246610411117,44239.0,7.78,Alto
50226,CUMARAL,META,29.961139994819952,145.93805740230258,14.687246610411117,24114.0,7.77,Alto
50270,EL DORADO,META,64.79713921514426,318.19496673416256,14.687246610411117,4128.0,7.76,Alto
73055,ARMERO,TOLIMA,35.8389702156175,234.9869451697128,14.687246610411117,13317.0,7.74,Alto
13620,SAN CRISTÓBAL,BOLÍVAR,30.51003247053766,163.39869281045753,16.05,8534.0,7.73,Alto
15455,MIRAFLORES,BOYACÁ,42.06752508584947,193.83799224648035,14.687246610411117,9802.0,7.72,Alto
41524,PALERMO,HUILA,24.7217766464104,125.78975957002773,14.687246610411117,34979.0,7.72,Alto
94886,CACAHUAL,GUAINÍA,81.7701778851207,214.5922746781116,14.687246610411117,2935.0,7.71,Alto
94883,SAN FELIPE,GUAINÍA,67.517185617169,303.5559410234172,14.687246610411117,2398.0,7.7,Alto
85250,PAZ DE ARIPORO,CASANARE,16.04541332071807,102.82580546880948,52.0,38967.0,7.7,Alto
73319,GUAMO,TOLIMA,25.052581967331577,114.83253588516747,14.687246610411117,34315.0,7.7,Alto
85225,NUNCHÍA,CASANARE,24.65239202757968,112.00716845878136,52.0,9449.0,7.69,Alto
50680,SAN CARLOS DE GUAROA,META,34.324680051365284,205.99250936329588,14.687246610411117,13047.0,7.69,Alto
50251,EL CASTILLO,META,42.32100082003068,244.8180186061694,14.687246610411117,8283.0,7.68,Alto
50325,MAPIRIPÁN,META,31.016958535139164,137.49484394335212,14.687246610411117,18985.0,7.68,Alto
50683,SAN JUAN DE ARAMA,META,38.81983885659642,276.11596870685685,14.687246610411117,9547.0,7.68,Alto
50606,RESTREPO,META,29.2754401570342,168.25574873808188,14.687246610411117,19316.0,7.67,Alto
73268,ESPINAL,TOLIMA,21.1142395640855,106.82069947776549,14.687246610411117,75949.0,7.67,Alto
73026,ALVARADO,TOLIMA,40.297581507256616,239.8081534772182,14.687246610411117,9153.0,7.66,Alto
41615,RIVERA,HUILA,26.990263728934618,127.75307884920026,14.687246610411117,25563.0,7.65,Alto
85162,MONTERREY,CASANARE,19.97991631891714,83.43495282716128,52.0,18531.0,7.63,Alto
27745,SIPÍ,CHOCÓ,55.25123120491937,187.2220922068804,14.687246610411117,4273.0,7.62,Alto
41020,ALGECIRAS,HUILA,26.98511673350334,113.34196891191708,14.687246610411117,24704.0,7.6,Alto
27075,BAHÍA SOLANO,CHOCÓ,34.12891714868326,222.8116710875332,14.687246610411117,10881.0,7.6,Alto
19809,TIMBIQUÍ,CAUCA,87.84787561853881,303.4832631245187,11.033928571428572,27234.0,7.59,Alto
73854,VALLE DE SAN JUAN,TOLIMA,43.7885105103453,171.15294849852188,14.687246610411117,6427.0,7.58,Alto
94888,MORICHAL,GUAINÍA,85.23264319823781,146.5201465201465,14.687246610411117,1365.0,7.58,Alto
85400,TÁMARA,CASANARE,24.792818591336516,99.55909543450431,52.0,7032.0,7.56,Alto
85315,SÁCAMA,CASANARE,44.38526409232135,44.38526409232135,52.0,2253.0,7.55,Alto
73443,SAN SEBASTIÁN DE MARIQUITA,TOLIMA,21.805071031887117,104.95696764326628,14.687246610411117,38937.0,7.55,Alto
23855,VALENCIA,CÓRDOBA,27.183095244218833,173.52305187004458,13.8,46897.0,7.54,Alto
50573,PUERTO LÓPEZ,META,21.7859664554986,111.12060859902554,14.687246610411117,35097.0,7.54,Alto
19318,GUAPI,CAUCA,62.146629224532354,290.1063723365233,11.033928571428572,29989.0,7.54,Alto
85001,YOPAL,CASANARE,13.317019445623822,91.70766217517472,52.0,184803.0,7.54,Alto
73547,PIEDRAS,TOLIMA,41.968946674023115,157.75635407537249,14.687246610411117,6960.0,7.54,Alto
41078,BARAYA,HUILA,37.30035411048858,133.30598851517638,14.687246610411117,9752.0,7.53,Alto
50006,ACACÍAS,META,19.79241739305317,94.34965183649604,14.687246610411117,92906.0,7.53,Alto
41791,TARQUI,HUILA,27.553465609833818,142.3253777096562,14.687246610411117,18327.0,7.52,Alto
18756,SOLANO,CAQUETÁ,22.115476639736066,160.63577950625634,14.687246610411117,25546.0,7.51,Alto
15442,MARIPÍ,BOYACÁ,38.89685031576235,169.664065151001,14.687246610411117,7335.0,7.5,Alto
20228,CURUMANÍ,CESAR,31.296989812821234,178.1214701537927,13.316487459299958,41199.0,7.5,Alto
41885,YAGUARÁ,HUILA,37.36350067928106,116.9963837481387,14.687246610411117,9402.0,7.49,Alto
95025,EL RETORNO,GUAVIARE,24.672208518663975,106.83089298058192,14.687246610411117,24562.0,7.49,Alto
27372,JURADÓ,CHOCÓ,35.33786750359959,279.76375505129005,14.687246610411117,7153.0,7.48,Alto
54099,BOCHALEMA,NORTE DE SANTANDER,26.85804147028038,69.91051454138703,30.71875,9054.0,7.48,Alto
27361,ISTMINA,CHOCÓ,22.98963441750677,92.37519725953582,14.687246610411117,32170.0,7.47,Alto
68147,CAPITANEJO,SANTANDER,98.15391732615726,427.90697674418607,13.518945628712185,5598.0,7.46,Alto
50287,FUENTE DE ORO,META,29.09025611475574,155.59799137138413,14.687246610411117,14139.0,7.46,Alto
13030,ALTOS DEL ROSARIO,BOLÍVAR,21.095524694274836,101.6053647632595,16.05,14763.0,7.43,Alto
5873,VIGÍA DEL FUERTE,ANTIOQUIA,239.5678374897141,1013.6937577805444,13.159560643113306,9502.0,7.43,Alto
50577,PUERTO LLERAS,META,30.559440394643666,128.04097311139563,14.687246610411117,10963.0,7.39,Alto
41206,COLOMBIA,HUILA,31.76137679746837,93.0954228083786,14.687246610411117,12890.0,7.38,Alto
13268,EL PEÑÓN,BOLÍVAR,23.40317032034899,96.82416731216112,16.05,10328.0,7.36,Alto
50223,CUBARRAL,META,32.40295533061409,175.6907842197732,14.687246610411117,7461.0,7.35,Alto
5313,GRANADA,ANTIOQUIA,98.6596149292444,526.04957005564,13.159560643113306,10497.0,7.35,Alto
8549,PIOJÓ,ATLÁNTICO,24.592345956119022,96.63703131039814,16.887182061579654,7118.0,7.35,Alto
15673,SAN MATEO,BOYACÁ,54.47941888619855,90.79903147699758,14.687246610411117,3304.0,7.34,Alto
25488,NILO,CUNDINAMARCA,36.602503660516376,317.6195252423939,13.23243093922652,20339.0,7.33,Alto
20045,BECERRIL,CESAR,19.092247912965345,71.28779301379629,15.7,23847.0,7.32,Alto
73408,LÉRIDA,TOLIMA,27.913950926312403,77.29353707116951,14.687246610411117,18582.0,7.31,Alto
47170,CHIVOLO,MAGDALENA,28.664441037907338,120.58132893317254,14.069054054054057,23928.0,7.31,Alto
54172,CHINÁCOTA,NORTE DE SANTANDER,18.839797516913308,58.79240402140043,30.71875,19194.0,7.31,Alto
68686,SAN MIGUEL,SANTANDER,91.5182481409879,355.2397868561279,13.518945628712185,2609.0,7.28,Alto
27006,ACANDÍ,CHOCÓ,25.54298761280327,107.12372790573112,14.687246610411117,14993.0,7.27,Alto
70204,COLOSÓ,SUCRE,32.28365261627509,105.3370786516854,14.687246610411117,9061.0,7.27,Alto
68322,GUAPOTÁ,SANTANDER,92.1425293104881,287.49401054144704,13.518945628712185,2468.0,7.25,Alto
86885,VILLAGARZÓN,PUTUMAYO,20.244770775325225,97.6426279815874,14.687246610411117,25798.0,7.25,Alto
15135,CAMPOHERMOSO,BOYACÁ,62.71558482282847,62.71558482282847,14.687246610411117,3189.0,7.23,Alto
15317,GUACAMAYAS,BOYACÁ,64.76683937823834,64.76683937823834,14.687246610411117,1544.0,7.21,Alto
95001,SAN JOSÉ DEL GUAVIARE,GUAVIARE,18.372611856794425,65.33290745956619,14.687246610411117,68878.0,7.2,Alto
41016,AIPE,HUILA,18.445751958878176,120.05213692803731,14.687246610411117,29154.0,7.2,Alto
76497,OBANDO,VALLE DEL CAUCA,18.91018588196158,103.52791271800588,14.924172231491601,15314.0,7.19,Alto
15832,TUNUNGUÁ,BOYACÁ,62.93266205160479,62.93266205160479,14.687246610411117,1589.0,7.19,Alto
47798,TENERIFE,MAGDALENA,32.96214950692655,147.35980352026198,14.069054054054057,12215.0,7.19,Alto
25438,MEDINA,CUNDINAMARCA,49.859054336195946,254.77707006369425,13.23243093922652,10205.0,7.18,Alto
15218,COVARACHÍA,BOYACÁ,47.10315591144606,74.01924500370096,14.687246610411117,2702.0,7.18,Alto
97001,MITÚ,VAUPÉS,17.95950364792989,110.9159811442832,14.687246610411117,32764.0,7.17,Alto
8421,LURUACO,ATLÁNTICO,14.764384179248866,79.25238582703166,16.887182061579654,30283.0,7.15,Alto
85230,OROCUÉ,CASANARE,19.14057140026037,47.28132387706856,52.0,13354.0,7.14,Alto
5475,MURINDÓ,ANTIOQUIA,127.38805103914633,520.9338221107466,13.159560643113306,5183.0,7.14,Alto
15090,BERBEO,BOYACÁ,60.79027355623101,60.79027355623101,14.687246610411117,1645.0,7.14,Alto
15531,PAUNA,BOYACÁ,31.339457780605084,94.95387954422138,14.687246610411117,7372.0,7.13,Alto
54261,EL ZULIA,NORTE DE SANTANDER,13.868204526240207,76.06812323035963,30.71875,29813.0,7.13,Alto
41518,PAICOL,HUILA,33.04546179245161,87.19916288803627,14.687246610411117,6911.0,7.13,Alto
13042,ARENAL,BOLÍVAR,17.745005839123063,64.53278265358803,16.05,20625.0,7.11,Alto
18029,ALBANIA,CAQUETÁ,28.636919470325843,155.4726368159204,14.687246610411117,6434.0,7.11,Alto
97511,PACOA,VAUPÉS,30.243907827469275,112.10762331838563,14.687246610411117,6265.0,7.1,Alto
81736,SARAVENA,ARAUCA,11.853864303167015,80.169383517997,25.23333333333333,61787.0,7.09,Alto
15660,SAN EDUARDO,BOYACÁ,57.87037037037037,57.87037037037037,14.687246610411117,1728.0,7.09,Alto
68655,SABANA DE TORRES,SANTANDER,23.322460955145978,115.70885448234064,13.518945628712185,34069.0,7.08,Alto
54245,EL CARMEN,NORTE DE SANTANDER,17.469463489054718,60.82262601687828,30.71875,14547.0,7.07,Alto
86573,PUERTO LEGUÍZAMO,PUTUMAYO,16.528334800412924,130.11515190943985,14.687246610411117,31159.0,7.07,Alto
73168,CHAPARRAL,TOLIMA,16.34953601159872,84.39352701647783,14.687246610411117,53754.0,7.07,Alto
50711,VISTAHERMOSA,META,18.006427836830827,95.4653937947494,14.687246610411117,27235.0,7.05,Alto
41244,ELÍAS,HUILA,32.656723835141264,95.1022349025202,14.687246610411117,4418.0,7.04,Alto
54109,BUCARASICA,NORTE DE SANTANDER,23.473344218282282,43.78283712784589,30.71875,7012.0,7.04,Alto
13810,TIQUISIO,BOLÍVAR,16.548611746431718,59.86743639084883,16.05,23859.0,7.03,Alto
15092,BETÉITIVA,BOYACÁ,52.994170641229466,52.994170641229466,14.687246610411117,1887.0,7.03,Alto
15690,SANTA MARÍA,BOYACÁ,36.228290612813836,80.42895442359249,14.687246610411117,3796.0,7.03,Alto
85279,RECETOR,CASANARE,24.717654575179996,42.70766602605168,52.0,4683.0,7.02,Alto
25168,CHAGUANÍ,CUNDINAMARCA,72.92338276380829,176.7676767676768,13.23243093922652,4512.0,7.01,Alto
5059,ARMENIA,ANTIOQUIA,85.5084651914337,278.8339670468948,13.159560643113306,5271.0,6.99,Alto
54250,EL TARRA,NORTE DE SANTANDER,14.046831555102093,72.56235827664399,30.71875,22740.0,6.99,Alto
68755,SOCORRO,SANTANDER,24.50002469068156,80.34709946970915,13.518945628712185,34837.0,6.98,Alto
41799,TELLO,HUILA,20.281802055786265,103.20627494151644,14.687246610411117,14534.0,6.97,Alto
20517,PAILITAS,CESAR,27.323633434202588,136.79110857794245,13.316487459299958,20465.0,6.95,Alto
99624,SANTA ROSALÍA,VICHADA,34.2992536781473,70.50528789659225,14.687246610411117,4367.0,6.94,Alto
13212,CÓRDOBA,BOLÍVAR,14.238655596639171,146.74710582096853,16.05,17028.0,6.93,Alto
25001,AGUA DE DIOS,CUNDINAMARCA,34.07664332797755,178.6721835621591,13.23243093922652,12771.0,6.93,Alto
68370,JORDÁN,SANTANDER,92.14503302057813,92.25092250922508,13.518945628712185,1089.0,6.93,Alto
68669,SAN ANDRÉS,SANTANDER,34.58593525065738,156.79247396124987,13.518945628712185,8929.0,6.93,Alto
5679,SANTA BÁRBARA,ANTIOQUIA,35.949344870627066,140.10180731331434,6.9,27249.0,6.93,Alto
5425,MACEO,ANTIOQUIA,48.12886750813914,244.76059354443936,13.159560643113306,8495.0,6.92,Alto
15185,CHITARAQUE,BOYACÁ,30.256084394587358,75.50018875047188,14.687246610411117,6038.0,6.92,Alto
81220,CRAVO NORTE,ARAUCA,30.45320400003257,31.347962382445143,25.23333333333333,4329.0,6.91,Alto
91405,LA CHORRERA,AMAZONAS,32.49087910251212,74.1839762611276,14.687246610411117,4102.0,6.9,Alto
68855,VALLE DE SAN JOSÉ,SANTANDER,42.05255185359165,112.48593925759282,13.518945628712185,6269.0,6.9,Alto
94887,PANA PANA,GUAINÍA,38.179390184920486,57.686760888376114,14.687246610411117,3579.0,6.89,Alto
70230,CHALÁN,SUCRE,32.40444657138591,67.93478260869566,14.687246610411117,4659.0,6.89,Alto
50245,EL CALVARIO,META,45.004500450045,45.004500450045,14.687246610411117,2222.0,6.89,Alto
20250,EL PASO,CESAR,13.121619077287624,59.488399762046406,16.843125,41378.0,6.89,Alto
73504,ORTEGA,TOLIMA,15.7705711822323,93.2719810968785,14.687246610411117,34428.0,6.88,Alto
41801,TERUEL,HUILA,24.178108755924157,89.69615427738536,14.687246610411117,8919.0,6.87,Alto
50686,SAN JUANITO,META,44.05286343612335,44.05286343612335,14.687246610411117,2270.0,6.86,Alto
13140,CALAMAR,BOLÍVAR,14.720285371879699,61.04260774020266,16.05,24573.0,6.85,Alto
54385,LA ESPERANZA,NORTE DE SANTANDER,16.17893210502249,56.58852061438966,30.71875,12736.0,6.84,Alto
5315,GUADALUPE,ANTIOQUIA,46.48995456367872,268.81720430107526,13.159560643113306,6797.0,6.83,Alto
20310,GONZÁLEZ,CESAR,42.15642513514854,112.83043197936814,13.316487459299958,6204.0,6.82,Alto
54377,LABATECA,NORTE DE SANTANDER,23.707028966289208,33.909799932180405,30.71875,5911.0,6.81,Alto
15580,QUÍPAMA,BOYACÁ,24.830407068533283,78.36990595611285,14.687246610411117,7579.0,6.81,Alto
41132,CAMPOALEGRE,HUILA,16.54868586440186,60.15296038497895,14.687246610411117,34911.0,6.8,Alto
41797,TESALIA,HUILA,21.47535254707805,74.71448393638595,14.687246610411117,11194.0,6.79,Alto
15480,MUZO,BOYACÁ,23.45964522613866,79.26622126599479,14.687246610411117,8831.0,6.78,Alto
73270,FALAN,TOLIMA,21.92594679740391,87.070091423596,14.687246610411117,9196.0,6.78,Alto
68770,SUAITA,SANTANDER,30.644765139951616,109.93403957625424,13.518945628712185,10414.0,6.78,Alto
54398,LA PLAYA,NORTE DE SANTANDER,18.371607732325785,46.69624095260332,30.71875,8566.0,6.78,Alto
47460,NUEVA GRANADA,MAGDALENA,19.480423384539066,118.3151916706105,14.069054054054057,21612.0,6.77,Alto
15507,OTANCHE,BOYACÁ,22.791594772642572,65.44502617801048,14.687246610411117,10696.0,6.77,Alto
73067,ATACO,TOLIMA,17.15517340994972,74.50258567797353,14.687246610411117,22818.0,6.76,Alto
73616,RIOBLANCO,TOLIMA,17.087658894299082,70.42545258709971,14.687246610411117,24244.0,6.76,Alto
70702,SAN JUAN DE BETULIA,SUCRE,17.840011801850164,119.09487892020644,14.687246610411117,13947.0,6.76,Alto
68533,PÁRAMO,SANTANDER,35.62320243086078,163.01816488122964,13.518945628712185,4795.0,6.76,Alto
73563,PRADO,TOLIMA,20.515760945366186,107.68609503297886,14.687246610411117,8694.0,6.76,Alto
54418,LOURDES,NORTE DE SANTANDER,26.331234053310247,29.84183825723665,30.71875,4382.0,6.76,Alto
68327,GÜEPSA,SANTANDER,41.89359028068705,108.43046896177825,13.518945628712185,3689.0,6.75,Alto
15380,LA CAPILLA,BOYACÁ,41.59733777038269,41.59733777038269,14.687246610411117,2404.0,6.75,Alto
25368,JERUSALÉN,CUNDINAMARCA,56.35216983901194,112.78195488721803,13.23243093922652,2664.0,6.74,Alto
54871,VILLA CARO,NORTE DE SANTANDER,21.004399499091022,38.18251240931654,30.71875,5238.0,6.72,Alto
81065,ARAUQUITA,ARAUCA,9.120639889941387,93.07303906740816,25.23333333333333,59800.0,6.72,Alto
13074,BARRANCO DE LOBA,BOLÍVAR,14.634421821784208,62.82722513089005,16.05,19100.0,6.71,Alto
70221,COVEÑAS,SUCRE,15.948113863374118,103.0715316429602,14.687246610411117,20597.0,6.7,Alto
27580,RÍO IRÓ,CHOCÓ,21.181308836019458,71.8132854578097,14.687246610411117,10396.0,6.7,Alto
15533,PAYA,BOYACÁ,39.856516540454365,39.856516540454365,14.687246610411117,2509.0,6.7,Alto
15109,BUENAVISTA,BOYACÁ,26.694886463253805,69.71070059254096,14.687246610411117,5751.0,6.7,Alto
17495,NORCASIA,CALDAS,31.756004315897467,80.97165991902834,14.211764705882352,6228.0,6.69,Alto
13688,SANTA ROSA DEL SUR,BOLÍVAR,10.965964598350615,71.14273010226768,16.05,46017.0,6.68,Alto
8849,USIACURÍ,ATLÁNTICO,19.178334628108512,31.486146095717885,16.887182061579654,13266.0,6.68,Alto
47058,ARIGUANÍ,MAGDALENA,17.188766681212858,95.30543855873582,14.069054054054057,32723.0,6.68,Alto
73520,PALOCABILDO,TOLIMA,21.711903832176613,66.28369421122405,14.687246610411117,9648.0,6.67,Alto
25530,PARATEBUENO,CUNDINAMARCA,32.187002636320564,140.39566049776644,13.23243093922652,9245.0,6.66,Alto
54874,VILLA DEL ROSARIO,NORTE DE SANTANDER,9.66522361489221,53.80768500348167,30.71875,112536.0,6.66,Alto
13657,SAN JUAN NEPOMUCENO,BOLÍVAR,11.738369768095101,59.02316659288771,16.05,39191.0,6.63,Alto
25335,GUAYABETAL,CUNDINAMARCA,38.96006739605565,119.68880909634947,13.23243093922652,5013.0,6.62,Alto
47318,GUAMAL,MAGDALENA,18.605317184195894,70.72886091169502,14.069054054054057,29069.0,6.62,Alto
5895,ZARAGOZA,ANTIOQUIA,28.65318588403474,90.12539184952978,8.0,32265.0,6.61,Alto
68780,SURATÁ,SANTANDER,36.474345374092266,94.75679090334808,13.518945628712185,4042.0,6.59,Alto
13894,ZAMBRANO,BOLÍVAR,15.785274645953665,58.71005619391093,16.05,12546.0,6.58,Alto
54800,TEORAMA,NORTE DE SANTANDER,11.102620114507696,64.15465548950002,30.71875,23381.0,6.57,Alto
68160,CEPITÁ,SANTANDER,55.43237250554324,55.43237250554324,13.518945628712185,1804.0,6.55,Alto
70717,SAN PEDRO,SUCRE,15.53475382119054,88.17786735529381,14.687246610411117,19526.0,6.55,Alto
41001,NEIVA,HUILA,11.255006351358983,76.21121393576483,14.687246610411117,371590.0,6.55,Alto
41807,TIMANÁ,HUILA,17.024143288408208,48.86868983042565,14.687246610411117,22829.0,6.55,Alto
5660,SAN LUIS,ANTIOQUIA,29.228172228451868,128.16991668955416,13.159560643113306,13434.0,6.54,Alto
85125,HATO COROZAL,CASANARE,13.388735813905452,53.763440860215056,52.0,13141.0,6.53,Alto
15514,PÁEZ,BOYACÁ,34.61627200651228,36.48303538854432,14.687246610411117,3369.0,6.53,Alto
73226,CUNDAY,TOLIMA,21.481001462977684,53.3731853116994,14.687246610411117,9459.0,6.53,Alto
68444,MATANZA,SANTANDER,29.292760696717945,117.73940345368916,13.518945628712185,5196.0,6.52,Alto
73275,FLANDES,TOLIMA,13.614194145013254,81.41664970486464,14.687246610411117,29830.0,6.51,Alto
25653,SAN CAYETANO,CUNDINAMARCA,35.302372156936,112.02389843166542,13.23243093922652,5356.0,6.51,Alto
70418,LOS PALMITOS,SUCRE,15.545767479220096,62.48372819578235,14.687246610411117,23972.0,6.51,Alto
20750,SAN DIEGO,CESAR,21.076852034440797,83.6692781623184,13.316487459299958,20880.0,6.5,Alto
70823,SAN JOSÉ DE TOLUVIEJO,SUCRE,16.339715567797697,52.93245818335803,14.687246610411117,22463.0,6.49,Alto
68245,EL GUACAMAYO,SANTANDER,50.4262779543349,53.10674455655868,13.518945628712185,2219.0,6.49,Alto
68255,EL PLAYÓN,SANTANDER,21.538103690090374,96.61835748792272,13.518945628712185,13866.0,6.48,Alto
86569,PUERTO CAICEDO,PUTUMAYO,15.926764003114878,81.16883116883118,14.687246610411117,16310.0,6.48,Alto
8078,BARANOA,ATLÁNTICO,10.548821262279445,39.926800865080686,16.887182061579654,67587.0,6.48,Alto
68720,SANTA HELENA DEL OPÓN,SANTANDER,31.71422020468962,94.18412997409936,13.518945628712185,4266.0,6.46,Alto
73148,CARMEN DE APICALÁ,TOLIMA,20.272814870020216,44.86316733961417,14.687246610411117,11003.0,6.45,Alto
68296,GALÁN,SANTANDER,48.00669491809784,48.21600771456124,13.518945628712185,2139.0,6.44,Alto
15810,TIPACOQUE,BOYACÁ,33.68137420006736,33.68137420006736,14.687246610411117,2969.0,6.44,Alto
20175,CHIMICHAGUA,CESAR,17.682287866678873,75.90007590007589,13.316487459299958,37547.0,6.44,Alto
73675,SAN ANTONIO,TOLIMA,17.99072950963667,56.903051426132734,14.687246610411117,14138.0,6.44,Alto
68266,ENCISO,SANTANDER,38.897893030794165,64.82982171799027,13.518945628712185,3085.0,6.44,Alto
68368,JESÚS MARÍA,SANTANDER,37.76031485391091,66.13756613756614,13.518945628712185,3045.0,6.43,Alto
15223,CUBARÁ,BOYACÁ,18.703868340447038,59.35598753524262,14.687246610411117,10944.0,6.42,Alto
5847,URRAO,ANTIOQUIA,19.684930511978198,74.2658292310304,13.159560643113306,47128.0,6.42,Alto
47707,SANTA ANA,MAGDALENA,18.157621204096912,51.36106831022085,14.069054054054057,27258.0,6.4,Alto
73200,COELLO,TOLIMA,18.951589766469016,59.74310465000497,14.687246610411117,10043.0,6.39,Alto
68132,CALIFORNIA,SANTANDER,45.31037607612144,45.31037607612144,13.518945628712185,2207.0,6.38,Alto
50001,VILLAVICENCIO,META,10.92010682526433,59.31760121894828,14.687246610411117,561834.0,6.38,Alto
73624,ROVIRA,TOLIMA,13.079032365863984,98.74105159219944,14.687246610411117,22141.0,6.37,Alto
47288,FUNDACIÓN,MAGDALENA,14.36199936422195,60.84099640168965,14.069054054054057,72056.0,6.37,Alto
86320,ORITO,PUTUMAYO,12.329266387706435,53.4841075794621,14.687246610411117,57774.0,6.36,Alto
8436,MANATÍ,ATLÁNTICO,12.451120862793069,42.37886707162029,16.887182061579654,21237.0,6.36,Alto
68425,MACARAVITA,SANTANDER,44.18912947414936,44.18912947414936,13.518945628712185,2263.0,6.35,Alto
68377,LA BELLEZA,SANTANDER,27.496933034392317,69.79990693345742,13.518945628712185,8596.0,6.35,Alto
17877,VITERBO,CALDAS,18.64499845883445,80.72328059412334,14.211764705882352,12991.0,6.33,Alto
41026,ALTAMIRA,HUILA,23.726816885294,44.072278536800354,14.687246610411117,4626.0,6.32,Alto
13780,TALAIGUA NUEVO,BOLÍVAR,14.868508554178819,43.557801202195314,16.05,11479.0,6.32,Alto
5604,REMEDIOS,ANTIOQUIA,19.012561677454567,92.55417610825648,13.159560643113306,32057.0,6.31,Alto
68344,HATO,SANTANDER,43.07564762839939,43.122035360069,13.518945628712185,2324.0,6.3,Alto
25473,MOSQUERA,CUNDINAMARCA,17.146087538238046,81.92305965794317,12.274585635359118,142784.0,6.3,Alto
23090,CANALETE,CÓRDOBA,15.05038733830961,119.04761904761908,13.8,23520.0,6.3,Alto
41872,VILLAVIEJA,HUILA,21.460665682740643,41.07900862659181,14.687246610411117,7598.0,6.3,Alto
76845,ULLOA,VALLE DEL CAUCA,19.11659668018881,37.714501225721285,14.924172231491601,5758.0,6.3,Alto
5480,MUTATÁ,ANTIOQUIA,19.86588752963263,109.29708313409384,13.159560643113306,22505.0,6.3,Alto
68682,SAN JOAQUÍN,SANTANDER,42.52897178818094,42.88164665523156,13.518945628712185,2371.0,6.29,Alto
73283,FRESNO,TOLIMA,12.527126895515206,63.77122910653152,14.687246610411117,31702.0,6.28,Alto
68573,PUERTO PARRA,SANTANDER,23.460070197154675,87.37985270253402,13.518945628712185,8011.0,6.27,Medio
13440,MARGARITA,BOLÍVAR,16.674394266776027,29.279718914698417,16.05,11435.0,6.27,Medio
54051,ARBOLEDAS,NORTE DE SANTANDER,12.760512277667871,47.04554008280015,30.71875,10628.0,6.26,Medio
54520,PAMPLONITA,NORTE DE SANTANDER,20.11667672500503,20.11667672500503,30.71875,4971.0,6.26,Medio
41548,PITAL,HUILA,15.606776778348202,64.09343398376299,14.687246610411117,14449.0,6.26,Medio
18460,MILÁN,CAQUETÁ,17.221879397820118,49.52456418383518,14.687246610411117,11860.0,6.26,Medio
73349,HONDA,TOLIMA,12.607185905410091,71.33864876206462,14.687246610411117,25718.0,6.26,Medio
97161,CARURÚ,VAUPÉS,29.991897543463953,30.35822707953856,14.687246610411117,3344.0,6.24,Medio
63302,GÉNOVA,QUINDÍO,18.899008137669583,54.43658138268917,14.687246610411117,7633.0,6.24,Medio
68264,ENCINO,SANTANDER,41.23711340206186,41.23711340206186,13.518945628712185,2425.0,6.23,Medio
91263,EL ENCANTO,AMAZONAS,22.557569900410012,39.856516540454365,14.687246610411117,5018.0,6.22,Medio
68211,CONTRATACIÓN,SANTANDER,31.556757080612208,60.40471156750227,13.518945628712185,3760.0,6.22,Medio
76869,VIJES,VALLE DEL CAUCA,14.27933279685403,43.33882291756956,14.924172231491601,13170.0,6.21,Medio
52540,POLICARPA,NARIÑO,13.8640447756952,68.762278978389,14.687246610411117,18104.0,6.21,Medio
68867,VETAS,SANTANDER,40.52429052429053,40.58441558441559,13.518945628712185,2475.0,6.2,Medio
73585,PURIFICACIÓN,TOLIMA,12.752312971951174,53.73274675084797,14.687246610411117,29777.0,6.2,Medio
70473,MORROA,SUCRE,15.84704733286886,46.29323457443291,14.687246610411117,15930.0,6.2,Medio
70508,OVEJAS,SUCRE,12.399869893014488,76.75333397294445,14.687246610411117,23283.0,6.2,Medio
54405,LOS PATIOS,NORTE DE SANTANDER,8.973503977201112,31.50638319323495,30.71875,100314.0,6.2,Medio
73152,CASABIANCA,TOLIMA,18.54636153236154,60.76257025672186,14.687246610411117,6603.0,6.2,Medio
50450,PUERTO CONCORDIA,META,12.501316451821452,73.49444468462237,14.687246610411117,23131.0,6.19,Medio
15469,MONIQUIRÁ,BOYACÁ,14.513903461081117,42.48890567462941,14.687246610411117,23560.0,6.19,Medio
73449,MELGAR,TOLIMA,13.050308698462205,40.29658284977434,14.687246610411117,37674.0,6.17,Medio
18592,PUERTO RICO,CAQUETÁ,11.687955441179456,62.31269101807069,14.687246610411117,33701.0,6.17,Medio
20032,ASTREA,CESAR,17.29086766136541,77.36345350456445,13.316487459299958,22021.0,6.16,Medio
68169,CHARTA,SANTANDER,39.77724741447892,39.77724741447892,13.518945628712185,2514.0,6.16,Medio
54599,RAGONVALIA,NORTE DE SANTANDER,15.91493561627439,30.670142616163165,30.71875,6912.0,6.15,Medio
70742,SAN LUIS DE SINCÉ,SUCRE,11.445583851041782,59.962309405516535,14.687246610411117,35022.0,6.15,Medio
19533,PIAMONTE,CAUCA,27.541762894610624,121.01653892698668,11.033928571428572,9489.0,6.15,Medio
5004,ABRIAQUÍ,ANTIOQUIA,51.7871493273953,52.13764337851929,13.159560643113306,1971.0,6.14,Medio
5858,VEGACHÍ,ANTIOQUIA,28.085684187328884,91.08505066605944,10.6,12230.0,6.13,Medio
47660,SABANAS DE SAN ÁNGEL,MAGDALENA,15.445708140797379,91.07468123861568,14.069054054054057,17832.0,6.13,Medio
15162,CERINZA,BOYACÁ,27.770063871146903,27.770063871146903,14.687246610411117,3601.0,6.13,Medio
13647,SAN ESTANISLAO,BOLÍVAR,10.983721424770376,47.99040191961608,16.05,19406.0,6.13,Medio
8141,CANDELARIA,ATLÁNTICO,11.820912276276744,39.76775630318938,16.887182061579654,17204.0,6.12,Medio
25086,BELTRÁN,CUNDINAMARCA,43.066322136089575,43.066322136089575,13.23243093922652,2322.0,6.11,Medio
13673,SANTA CATALINA,BOLÍVAR,13.187427379940665,36.55772464721796,16.05,15547.0,6.11,Medio
68673,SAN BENITO,SANTANDER,30.176387343612493,49.91265285749938,13.518945628712185,4030.0,6.1,Medio
25823,TOPAIPÍ,CUNDINAMARCA,37.18578015766771,44.62293618920125,13.23243093922652,4482.0,6.1,Medio
41357,ÍQUIRA,HUILA,14.239278558428614,66.05989430416912,14.687246610411117,13624.0,6.1,Medio
8770,SUAN,ATLÁNTICO,13.429936717742427,35.84657665192974,16.887182061579654,12802.0,6.09,Medio
73030,AMBALEMA,TOLIMA,18.505049404187073,46.00521392424474,14.687246610411117,6804.0,6.09,Medio
13160,CANTAGALLO,BOLÍVAR,14.032448232006196,41.160732661041365,16.05,9888.0,6.08,Medio
68209,CONFINES,SANTANDER,36.84857730349042,37.18854592785422,13.518945628712185,3194.0,6.08,Medio
81300,FORTUL,ARAUCA,9.30658436465385,41.04783939099933,25.23333333333333,26798.0,6.07,Medio
52835,SAN ANDRÉS DE TUMACO,NARIÑO,10.60930595592108,37.77426651127009,14.687246610411117,262567.0,6.07,Medio
13442,MARÍA LA BAJA,BOLÍVAR,8.804849735343677,40.4841909234444,16.05,49462.0,6.05,Medio
13433,MAHATES,BOLÍVAR,9.659856616778939,44.079750440797504,16.05,29492.0,6.04,Medio
18479,MORELIA,CAQUETÁ,25.75345032481533,26.08242044861763,14.687246610411117,3924.0,6.04,Medio
25524,PANDI,CUNDINAMARCA,29.999358958729374,55.50416281221092,13.23243093922652,5729.0,6.03,Medio
68385,LANDÁZURI,SANTANDER,17.907978715232368,64.69979296066252,13.518945628712185,15456.0,6.03,Medio
25878,VIOTÁ,CUNDINAMARCA,20.021412198824407,67.58278891642261,13.23243093922652,14289.0,6.03,Medio
68745,SIMACOTA,SANTANDER,19.593613541020673,67.63154335181929,13.518945628712185,10485.0,6.02,Medio
54720,SARDINATA,NORTE DE SANTANDER,8.792242381369023,39.852986759952174,30.71875,27962.0,6.01,Medio
25095,BITUIMA,CUNDINAMARCA,40.32258064516129,40.32258064516129,13.23243093922652,2480.0,6.01,Medio
25035,ANAPOIMA,CUNDINAMARCA,17.677406768345836,92.02888291094436,13.23243093922652,16085.0,6.01,Medio
70001,SINCELEJO,SUCRE,9.115104498944062,50.92490640828012,14.687246610411117,301745.0,6.0,Medio
41013,AGRADO,HUILA,16.636176561879342,43.36983627886805,14.687246610411117,9276.0,5.99,Medio
47053,ARACATACA,MAGDALENA,12.082207132950158,62.8459548959416,14.069054054054057,43413.0,5.97,Medio
70523,PALMITO,SUCRE,12.603971455187349,67.6132521974307,14.687246610411117,15736.0,5.97,Medio
8296,GALAPA,ATLÁNTICO,8.036899769195491,34.555742732495354,16.887182061579654,66485.0,5.96,Medio
13248,EL GUAMO,BOLÍVAR,14.607692828337443,32.53443227415681,16.05,9221.0,5.95,Medio
54660,SALAZAR,NORTE DE SANTANDER,13.677405996559635,22.639800769753226,30.71875,11250.0,5.94,Medio
41770,SUAZA,HUILA,12.023135302276039,47.3664266767715,14.687246610411117,23043.0,5.93,Medio
99524,LA PRIMAVERA,VICHADA,13.30921699365533,45.38749574492227,14.687246610411117,17626.0,5.93,Medio
5107,BRICEÑO,ANTIOQUIA,20.020541438360386,149.89046466044044,13.159560643113306,8673.0,5.93,Medio
27205,CONDOTO,CHOCÓ,13.479608160056264,52.17164471109951,14.687246610411117,15334.0,5.93,Medio
18205,CURILLO,CAQUETÁ,15.434529079623152,42.08754208754208,14.687246610411117,11880.0,5.93,Medio
47268,EL RETÉN,MAGDALENA,14.21086405520585,61.61429451632779,14.069054054054057,22042.0,5.92,Medio
81794,TAME,ARAUCA,6.102755901331095,54.91689243611335,25.23333333333333,54628.0,5.92,Medio
70233,EL ROBLE,SUCRE,16.471896718504777,36.21876131836292,14.687246610411117,11044.0,5.92,Medio
25324,GUATAQUÍ,CUNDINAMARCA,36.98735374528622,37.18854592785422,13.23243093922652,2711.0,5.89,Medio
54344,HACARÍ,NORTE DE SANTANDER,12.411188066482337,27.6243093922652,30.71875,11135.0,5.88,Medio
15104,BOYACÁ,BOYACÁ,21.81947289136275,23.27205026762858,14.687246610411117,5287.0,5.88,Medio
54313,GRAMALOTE,NORTE DE SANTANDER,15.593341707258805,18.864365214110546,30.71875,8052.0,5.88,Medio
20013,AGUSTÍN CODAZZI,CESAR,10.150557451228376,72.50171184597414,14.103418803418803,67084.0,5.88,Medio
76616,RIOFRÍO,VALLE DEL CAUCA,13.097230997945326,28.97710808461316,14.924172231491601,15846.0,5.87,Medio
15753,SOATÁ,BOYACÁ,19.286688291485017,30.576364470264487,14.687246610411117,6713.0,5.87,Medio
20710,SAN ALBERTO,CESAR,14.451928312660687,61.34969325153374,13.316487459299958,29008.0,5.86,Medio
76890,YOTOCO,VALLE DEL CAUCA,10.697699233087084,42.270531400966185,14.924172231491601,16560.0,5.83,Medio
47030,ALGARROBO,MAGDALENA,13.660962257083137,77.9423226812159,14.069054054054057,17038.0,5.83,Medio
73555,PLANADAS,TOLIMA,9.936493856075728,59.76690905468672,14.687246610411117,30117.0,5.83,Medio
76113,BUGALAGRANDE,VALLE DEL CAUCA,9.747710432416515,38.15701612133931,14.924172231491601,25800.0,5.82,Medio
76863,VERSALLES,VALLE DEL CAUCA,15.789685827783646,27.07459049681874,14.924172231491601,7387.0,5.82,Medio
15572,PUERTO BOYACÁ,BOYACÁ,10.299404510902033,35.13086246267346,14.687246610411117,56930.0,5.8,Medio
27245,EL CARMEN DE ATRATO,CHOCÓ,12.847775436988739,45.61003420752566,14.687246610411117,15015.0,5.8,Medio
52565,PROVIDENCIA,NARIÑO,14.839115021772201,34.97726477789437,14.687246610411117,13854.0,5.79,Medio
76622,ROLDANILLO,VALLE DEL CAUCA,7.529091342088249,49.94537224910254,14.924172231491601,37509.0,5.78,Medio
20550,PELAYA,CESAR,14.756571529338268,61.191485641854975,13.316487459299958,22879.0,5.78,Medio
76243,EL ÁGUILA,VALLE DEL CAUCA,12.692794091982522,35.52397868561279,14.924172231491601,11260.0,5.78,Medio
18094,BELÉN DE LOS ANDAQUÍES,CAQUETÁ,14.047179206364302,42.444821731748725,14.687246610411117,11780.0,5.78,Medio
68235,EL CARMEN DE CHUCURÍ,SANTANDER,15.29839615741154,47.94323520951194,13.518945628712185,21977.0,5.78,Medio
25612,RICAURTE,CUNDINAMARCA,16.034845771980955,90.21651964715316,13.23243093922652,14367.0,5.77,Medio
81001,ARAUCA,ARAUCA,5.583590753515267,40.745863758698704,25.23333333333333,95631.0,5.76,Medio
44420,LA JAGUA DEL PILAR,LA GUAJIRA,35.917390002993116,59.8623166716552,7.599999999999999,3341.0,5.75,Medio
47692,SAN SEBASTIÁN DE BUENAVISTA,MAGDALENA,13.96607121236427,45.45712824592306,14.069054054054057,21430.0,5.75,Medio
13473,MORALES,BOLÍVAR,6.595471213263303,84.49326277404722,16.05,24027.0,5.75,Medio
54001,SAN JOSÉ DE CÚCUTA,NORTE DE SANTANDER,6.126357788205461,27.206165933694688,30.71875,786991.0,5.74,Medio
13222,CLEMENCIA,BOLÍVAR,11.197961341210265,30.85705469412944,16.05,15698.0,5.73,Medio
25572,PUERTO SALGAR,CUNDINAMARCA,16.15554621453901,55.01100220044008,13.23243093922652,19996.0,5.73,Medio
8372,JUAN DE ACOSTA,ATLÁNTICO,9.084329816429241,34.30727886099834,16.887182061579654,22823.0,5.72,Medio
20443,MANAURE BALCÓN DEL CESAR,CESAR,15.227894539655203,75.44797233574347,13.316487459299958,15905.0,5.72,Medio
70670,SAMPUÉS,SUCRE,9.772373084584892,36.37591914152831,14.687246610411117,51024.0,5.72,Medio
15189,CIÉNEGA,BOYACÁ,20.920502092050206,20.920502092050206,14.687246610411117,4780.0,5.71,Medio
25580,PULÍ,CUNDINAMARCA,32.94173215736418,32.99241174529858,13.23243093922652,3038.0,5.7,Medio
5142,CARACOLÍ,ANTIOQUIA,29.64301891876005,44.533511467379206,13.159560643113306,4519.0,5.69,Medio
54498,OCAÑA,NORTE DE SANTANDER,5.77091109608807,32.62223452420965,30.71875,131038.0,5.69,Medio
44110,EL MOLINO,LA GUAJIRA,22.95291040434572,77.45933384972889,7.599999999999999,9121.0,5.68,Medio
15686,SANTANA,BOYACÁ,17.375072180814104,26.298487836949374,14.687246610411117,7888.0,5.68,Medio
68324,GUAVATÁ,SANTANDER,29.163021289005545,29.163021289005545,13.518945628712185,3429.0,5.67,Medio
73024,ALPUJARRA,TOLIMA,20.27696161108482,20.28809089064719,14.687246610411117,4948.0,5.67,Medio
70124,CAIMITO,SUCRE,12.250238374577519,39.86605007175889,14.687246610411117,16488.0,5.66,Medio
68079,BARICHARA,SANTANDER,18.023306421266803,42.48088360237893,13.518945628712185,10873.0,5.66,Medio
19418,LÓPEZ DE MICAY,CAUCA,16.168887942121376,86.26060286576892,11.033928571428572,20867.0,5.65,Medio
68549,PINCHOTE,SANTANDER,22.717063289319288,36.06853020739405,13.518945628712185,5545.0,5.65,Medio
68522,PALMAR,SANTANDER,28.401022436807725,28.401022436807725,13.518945628712185,3521.0,5.63,Medio
66400,LA VIRGINIA,RISARALDA,8.089379296952831,24.74634991338777,21.15743801652893,32328.0,5.63,Medio
8137,CAMPO DE LA CRUZ,ATLÁNTICO,9.059282495840785,26.797079118376093,16.887182061579654,24295.0,5.62,Medio
73461,MURILLO,TOLIMA,20.011009807646158,20.0160128102482,14.687246610411117,5001.0,5.62,Medio
54670,SAN CALIXTO,NORTE DE SANTANDER,9.866801265291997,28.54899721647277,30.71875,14011.0,5.62,Medio
70215,COROZAL,SUCRE,8.68820614238196,37.45727529536622,14.687246610411117,68916.0,5.62,Medio
5040,ANORÍ,ANTIOQUIA,14.226109338283411,109.4205919132972,13.159560643113306,19192.0,5.61,Medio
13001,CARTAGENA DE INDIAS,BOLÍVAR,4.995236864671859,42.24261795718187,16.05,1047321.0,5.6,Medio
20011,AGUACHICA,CESAR,12.484510840361548,35.49727506212023,13.316487459299958,121581.0,5.6,Medio
15664,SAN JOSÉ DE PARE,BOYACÁ,19.634540834467984,19.90049751243781,14.687246610411117,5163.0,5.59,Medio
76275,FLORIDA,VALLE DEL CAUCA,7.299406735763811,32.21212532212125,14.924172231491601,58984.0,5.57,Medio
5284,FRONTINO,ANTIOQUIA,15.238770214184273,64.9308486461918,13.159560643113306,21345.0,5.55,Medio
15425,MACANAL,BOYACÁ,19.290123456790123,19.290123456790123,14.687246610411117,5184.0,5.55,Medio
23466,MONTELÍBANO,CÓRDOBA,10.57154635691794,36.66382817674331,13.8,88674.0,5.54,Medio
13244,EL CARMEN DE BOLÍVAR,BOLÍVAR,6.017397355639845,35.56503956610651,16.05,78729.0,5.53,Medio
47555,PLATO,MAGDALENA,10.62543727141238,35.566476978789446,14.069054054054057,67418.0,5.53,Medio
13667,SAN MARTÍN DE LOBA,BOLÍVAR,9.264566397094864,31.76115610608226,16.05,18891.0,5.53,Medio
68190,CIMITARRA,SANTANDER,10.479529368296319,50.41034016897546,13.518945628712185,49593.0,5.52,Medio
76828,TRUJILLO,VALLE DEL CAUCA,9.354217292783567,33.60026880215042,14.924172231491601,19594.0,5.52,Medio
13836,TURBACO,BOLÍVAR,6.46131425140416,27.55254664252539,16.05,112533.0,5.51,Medio
5819,TOLEDO,ANTIOQUIA,22.14102068502221,45.105999097880016,13.159560643113306,6744.0,5.51,Medio
13650,SAN FERNANDO,BOLÍVAR,9.712008599754014,35.38570417551309,16.05,14130.0,5.5,Medio
23682,SAN JOSÉ DE URÉ,CÓRDOBA,13.772716431681593,51.95255000432938,13.8,14264.0,5.5,Medio
73217,COYAIMA,TOLIMA,9.521698304900976,38.67383890588194,14.687246610411117,28443.0,5.49,Medio
5206,CONCEPCIÓN,ANTIOQUIA,30.143585971975252,32.113037893384714,13.159560643113306,4927.0,5.49,Medio
25839,UBALÁ,CUNDINAMARCA,19.064014957107393,39.181114702713295,13.23243093922652,10209.0,5.47,Medio
5652,SAN FRANCISCO,ANTIOQUIA,23.78293464976864,40.6669377795852,13.159560643113306,5839.0,5.46,Medio
5736,SEGOVIA,ANTIOQUIA,13.193586346581842,67.74387796065837,7.687586206896552,42222.0,5.45,Medio
8433,MALAMBO,ATLÁNTICO,5.1839223601676085,30.8256985963554,19.1,139494.0,5.45,Medio
17867,VICTORIA,CALDAS,15.326060373533446,37.406483790523694,14.211764705882352,10343.0,5.43,Medio
13744,SIMITÍ,BOLÍVAR,7.678757456938756,35.890073831009026,16.05,21620.0,5.43,Medio
18753,SAN VICENTE DEL CAGUÁN,CAQUETÁ,6.802342436088539,43.86626273149735,14.687246610411117,72949.0,5.42,Medio
25885,YACOPÍ,CUNDINAMARCA,15.759831623905194,40.79254079254079,13.23243093922652,17160.0,5.42,Medio
76111,GUADALAJARA DE BUGA,VALLE DEL CAUCA,5.4205503540988795,35.863613302776365,14.924172231491601,132493.0,5.42,Medio
23570,PUEBLO NUEVO,CÓRDOBA,10.499590622389242,39.10928601109725,13.8,41684.0,5.41,Medio
68684,SAN JOSÉ DE MIRANDA,SANTANDER,23.863652666619195,23.963575365444527,13.518945628712185,4214.0,5.41,Medio
68895,ZAPATOCA,SANTANDER,18.338395096419656,34.23875827436658,13.518945628712185,8803.0,5.41,Medio
73001,IBAGUÉ,TOLIMA,6.653793107379114,36.548880647019615,14.687246610411117,574573.0,5.39,Medio
27800,UNGUÍA,CHOCÓ,11.641056936092308,32.75895957544388,14.687246610411117,15312.0,5.39,Medio
25328,GUAYABAL DE SÍQUIMA,CUNDINAMARCA,27.262813522355508,27.262813522355508,13.23243093922652,3668.0,5.39,Medio
8560,PONEDERA,ATLÁNTICO,7.55943629420572,25.4474510136568,16.887182061579654,25852.0,5.38,Medio
25320,GUADUAS,CUNDINAMARCA,9.768293916550384,82.64061056827573,13.23243093922652,41142.0,5.38,Medio
25815,TOCAIMA,CUNDINAMARCA,14.06037923514146,47.89781798829165,13.23243093922652,18790.0,5.38,Medio
54223,CUCUTILLA,NORTE DE SANTANDER,12.150009856945397,13.460761879122357,30.71875,8955.0,5.35,Medio
5501,OLAYA,ANTIOQUIA,29.612081729345572,29.61208172934557,13.159560643113306,3377.0,5.35,Medio
25875,VILLETA,CUNDINAMARCA,12.103483533143644,46.84389272748566,13.23243093922652,29642.0,5.35,Medio
5495,NECHÍ,ANTIOQUIA,11.289829435432745,87.45845723281441,13.159560643113306,29270.0,5.35,Medio
8832,TUBARÁ,ATLÁNTICO,9.664841500629503,18.162005085361425,16.887182061579654,18732.0,5.34,Medio
8573,PUERTO COLOMBIA,ATLÁNTICO,6.274123278611124,22.33971256236503,16.887182061579654,53716.0,5.34,Medio
13468,SANTA CRUZ DE MOMPOX,BOLÍVAR,6.597240899482516,24.220005724728622,16.05,47377.0,5.34,Medio
73352,ICONONZO,TOLIMA,12.074896129710048,32.27107704719645,14.687246610411117,12395.0,5.34,Medio
25245,EL COLEGIO,CUNDINAMARCA,11.908443243664314,53.93985705937879,13.23243093922652,26416.0,5.34,Medio
13580,REGIDOR,BOLÍVAR,11.652153648218441,17.68972227136034,16.05,11306.0,5.32,Medio
18610,SAN JOSÉ DEL FRAGUA,CAQUETÁ,12.01629927290069,26.11818478615736,14.687246610411117,15315.0,5.32,Medio
5658,SAN JOSÉ DE LA MONTAÑA,ANTIOQUIA,28.793550244745177,28.793550244745177,13.159560643113306,3473.0,5.31,Medio
52720,SAPUYES,NARIÑO,16.952025767079164,16.952025767079164,14.687246610411117,5899.0,5.29,Medio
76036,ANDALUCÍA,VALLE DEL CAUCA,7.469081278252712,34.97267759562842,14.924172231491601,22875.0,5.29,Medio
63548,PIJAO,QUINDÍO,16.810966810966814,16.835016835016837,14.687246610411117,6000.0,5.28,Medio
5150,CAROLINA,ANTIOQUIA,28.473804100227788,28.473804100227788,13.159560643113306,3512.0,5.28,Medio
76246,EL CAIRO,VALLE DEL CAUCA,14.330753797649756,14.330753797649756,14.924172231491601,6978.0,5.28,Medio
25596,QUIPILE,CUNDINAMARCA,18.577791906003185,36.8414589217733,13.23243093922652,8143.0,5.28,Medio
66383,LA CELIA,RISARALDA,12.426812771415172,13.137151865475564,21.15743801652893,8550.0,5.28,Medio
73686,SANTA ISABEL,TOLIMA,16.524864827434026,17.397355601948504,14.687246610411117,6301.0,5.27,Medio
25299,GAMA,CUNDINAMARCA,24.61235540241201,24.61235540241201,13.23243093922652,4063.0,5.25,Medio
47960,ZAPAYÁN,MAGDALENA,14.572356308278405,33.57582540570789,14.069054054054057,10631.0,5.25,Medio
66440,MARSELLA,RISARALDA,7.919305220949935,17.514157277132348,21.15743801652893,24135.0,5.24,Medio
23419,LOS CÓRDOBAS,CÓRDOBA,9.651118668754922,52.42463958060288,13.8,26705.0,5.24,Medio
73236,DOLORES,TOLIMA,13.9470780108598,23.43841556310793,14.687246610411117,8533.0,5.23,Medio
68498,OCAMONTE,SANTANDER,21.3546643317062,21.372088053002777,13.518945628712185,4702.0,5.23,Medio
13188,CICUCO,BOLÍVAR,9.702906582253734,20.826102047900036,16.05,14405.0,5.22,Medio
25867,VIANÍ,CUNDINAMARCA,23.62675389223208,23.6630383341221,13.23243093922652,4239.0,5.2,Medio
8606,REPELÓN,ATLÁNTICO,6.801539343245407,21.867483052700635,16.887182061579654,28155.0,5.18,Medio
13655,SAN JACINTO DEL CAUCA,BOLÍVAR,9.225434940744478,20.907380305247752,16.05,14665.0,5.17,Medio
25862,VERGARA,CUNDINAMARCA,19.76460534368566,25.86987453110852,13.23243093922652,7731.0,5.17,Medio
18785,SOLITA,CAQUETÁ,13.577966427021522,21.90580503833516,14.687246610411117,9139.0,5.17,Medio
13683,SANTA ROSA,BOLÍVAR,6.656209965462168,26.87329242621042,16.05,24694.0,5.15,Medio
70708,SAN MARCOS,SUCRE,5.354970648790245,45.01800720288115,14.687246610411117,60108.0,5.15,Medio
13549,PINILLOS,BOLÍVAR,7.576609256929344,19.36933446966762,16.05,25964.0,5.14,Medio
5306,GIRALDO,ANTIOQUIA,25.24635551461124,25.297242600556537,13.159560643113306,3977.0,5.14,Medio
5893,YONDÓ,ANTIOQUIA,7.6555902582889965,24.831148192292414,15.925,20228.0,5.13,Medio
19785,SUCRE,CAUCA,17.65578539649068,45.11108604939664,11.033928571428572,9736.0,5.12,Medio
25120,CABRERA,CUNDINAMARCA,21.504056753436554,22.552999548940008,13.23243093922652,5153.0,5.12,Medio
41660,SALADOBLANCO,HUILA,11.387730167271439,25.12562814070352,14.687246610411117,11940.0,5.11,Medio
73622,RONCESVALLES,TOLIMA,15.715857300015715,15.715857300015715,14.687246610411117,6363.0,5.11,Medio
76895,ZARZAL,VALLE DEL CAUCA,5.092931219784151,31.87962254526906,14.924172231491601,47052.0,5.1,Medio
66456,MISTRATÓ,RISARALDA,7.954268688101335,17.91365617722577,21.15743801652893,17462.0,5.09,Medio
52254,EL PEÑOL,NARIÑO,14.84589397219339,15.735641227380016,14.687246610411117,7613.0,5.09,Medio
68298,GÁMBITA,SANTANDER,19.8294665873488,19.8294665873488,13.518945628712185,5043.0,5.08,Medio
15097,BOAVITA,BOYACÁ,15.52312946289972,15.52312946289972,14.687246610411117,6442.0,5.08,Medio
25123,CACHIPAY,CUNDINAMARCA,16.207620631285437,30.800821355236145,13.23243093922652,10910.0,5.07,Medio
76233,DAGUA,VALLE DEL CAUCA,5.3176915199478,26.33018046300609,14.924172231491601,49373.0,5.07,Medio
73861,VENADILLO,TOLIMA,9.525554626476122,25.22068095838588,14.687246610411117,19825.0,5.05,Medio
41483,NÁTAGA,HUILA,15.28117359413203,15.28117359413203,14.687246610411117,6544.0,5.05,Medio
47258,EL PIÑÓN,MAGDALENA,11.206342648105851,23.93346496739065,14.069054054054057,24646.0,5.05,Medio
25805,TIBACUY,CUNDINAMARCA,21.16719256119646,21.26754572522331,13.23243093922652,4839.0,5.04,Medio
76892,YUMBO,VALLE DEL CAUCA,4.714793595206125,18.444569457637435,20.869871794871795,128573.0,5.04,Medio
23168,CHIMÁ,CÓRDOBA,11.424127350843817,32.11097553143665,13.8,18479.0,5.03,Medio
66687,SANTUARIO,RISARALDA,8.242713967387212,15.64333202972233,21.15743801652893,15862.0,5.03,Medio
86571,PUERTO GUZMÁN,PUTUMAYO,7.581517518261473,24.63559843974543,14.687246610411117,36900.0,5.03,Medio
25592,QUEBRADANEGRA,CUNDINAMARCA,20.683151055160256,21.003990758244065,13.23243093922652,5068.0,5.02,Medio
76041,ANSERMANUEVO,VALLE DEL CAUCA,7.791510462101223,22.053148086889404,14.924172231491601,19256.0,5.02,Medio
52405,LEIVA,NARIÑO,11.048977608451498,19.98800719568259,14.687246610411117,14674.0,5.02,Medio
86568,PUERTO ASÍS,PUTUMAYO,5.792039824761581,31.712305960327907,14.687246610411117,69617.0,5.0,Medio
5665,SAN PEDRO DE URABÁ,ANTIOQUIA,10.044447328188205,59.25833515266818,13.159560643113306,32328.0,5.0,Medio
25851,ÚTICA,CUNDINAMARCA,20.103061313729444,21.791239921551536,13.23243093922652,5042.0,4.99,Medio
86865,VALLE DEL GUAMUEZ,PUTUMAYO,6.988463344734209,23.087356786239937,14.687246610411117,54237.0,4.99,Medio
76250,EL DOVIO,VALLE DEL CAUCA,11.806472394776335,12.271444348999877,14.924172231491601,9120.0,4.99,Medio
13760,SOPLAVIENTO,BOLÍVAR,10.475295181845773,11.767474699929394,16.05,11269.0,4.99,Medio
41298,GARZÓN,HUILA,5.338998169223606,34.2693362133422,14.687246610411117,96296.0,4.99,Medio
5792,TARSO,ANTIOQUIA,17.139598426139557,36.80078508341512,13.159560643113306,8152.0,4.98,Medio
73411,LÍBANO,TOLIMA,7.377638472761567,22.690028992814824,14.687246610411117,39866.0,4.95,Medio
54003,ÁBREGO,NORTE DE SANTANDER,5.222414730312036,15.211824658367773,30.71875,39443.0,4.95,Medio
47703,SAN ZENÓN,MAGDALENA,13.520817019158317,21.73204389872868,14.069054054054057,12886.0,4.95,Medio
5190,CISNEROS,ANTIOQUIA,14.293431735040508,49.27564797477087,13.159560643113306,10147.0,4.94,Medio
15681,SAN PABLO DE BORBUR,BOYACÁ,12.906244593992517,14.543339150668992,14.687246610411117,10382.0,4.93,Medio
63690,SALENTO,QUINDÍO,14.087814102984169,14.088475626937164,14.687246610411117,7099.0,4.91,Medio
25594,QUETAME,CUNDINAMARCA,16.642459452916974,27.23311546840959,13.23243093922652,7344.0,4.9,Medio
20400,LA JAGUA DE IBIRICO,CESAR,10.787962496973256,35.70631555456372,12.143197278911565,51603.0,4.9,Medio
68162,CERRITO,SANTANDER,18.076644974692694,18.076644974692694,13.518945628712185,5532.0,4.9,Medio
13052,ARJONA,BOLÍVAR,4.913190451944819,17.572316842389835,16.05,78070.0,4.9,Medio
76823,TORO,VALLE DEL CAUCA,7.842757684014887,20.15722636565209,14.924172231491601,16668.0,4.9,Medio
25777,SUPATÁ,CUNDINAMARCA,19.874804728019132,19.89258006763477,13.23243093922652,5036.0,4.9,Medio
25386,LA MESA,CUNDINAMARCA,10.046045482304708,33.09166390902801,13.23243093922652,36321.0,4.89,Medio
13300,HATILLO DE LOBA,BOLÍVAR,8.795230573197589,16.299918500407497,16.05,12899.0,4.89,Medio
25489,NIMAIMA,CUNDINAMARCA,16.912618852150544,25.7864878803507,13.23243093922652,7213.0,4.88,Medio
13062,ARROYOHONDO,BOLÍVAR,10.103028526660204,11.62520344106022,16.05,10445.0,4.88,Medio
68689,SAN VICENTE DE CHUCURÍ,SANTANDER,8.252137112350649,37.01489137553031,13.518945628712185,35408.0,4.87,Medio
52435,MALLAMA,NARIÑO,13.77449195924822,13.910140492418972,14.687246610411117,7332.0,4.87,Medio
25398,LA PEÑA,CUNDINAMARCA,16.459797921468326,28.38489923360772,13.23243093922652,7052.0,4.87,Medio
23464,MOMIL,CÓRDOBA,9.129697170779338,39.2824407489852,13.8,20531.0,4.87,Medio
76122,CAICEDONIA,VALLE DEL CAUCA,5.193623074956666,27.18961356761717,14.924172231491601,29526.0,4.86,Medio
54128,CÁCHIRA,NORTE DE SANTANDER,8.995257156693507,9.01631953836444,30.71875,11130.0,4.84,Medio
8758,SOLEDAD,ATLÁNTICO,2.716753835846084,20.433678334549263,18.012500000000003,683486.0,4.84,Medio
68406,LEBRIJA,SANTANDER,8.537526836219158,28.571428571428573,13.518945628712185,44745.0,4.82,Medio
5353,HISPANIA,ANTIOQUIA,20.47082906857728,20.47082906857728,13.159560643113306,4885.0,4.81,Medio
73870,VILLAHERMOSA,TOLIMA,10.905211216180357,19.114976584153684,14.687246610411117,10531.0,4.8,Medio
50350,LA MACARENA,META,6.0650024182283655,27.18795030042685,14.687246610411117,36781.0,4.8,Medio
68500,OIBA,SANTANDER,11.719028147689011,33.15924728508663,13.518945628712185,12063.0,4.79,Medio
52022,ALDANA,NARIÑO,13.095861707700369,13.095861707700369,14.687246610411117,7636.0,4.78,Medio
20060,BOSCONIA,CESAR,7.968975735474146,35.80562659846547,13.316487459299958,44343.0,4.77,Medio
5483,NARIÑO,ANTIOQUIA,10.984373440078103,44.71521994298809,13.159560643113306,18100.0,4.76,Medio
25898,ZIPACÓN,CUNDINAMARCA,18.045457083155842,19.527436047646944,13.23243093922652,5808.0,4.75,Medio
15842,ÚMBITA,BOYACÁ,12.846865364850975,12.846865364850975,14.687246610411117,7784.0,4.75,Medio
70678,SAN BENITO ABAD,SUCRE,6.821816882331287,22.560631697687533,14.687246610411117,30147.0,4.75,Medio
8675,SANTA LUCÍA,ATLÁNTICO,7.425298457210274,11.50814201047241,16.887182061579654,17379.0,4.74,Medio
76318,GUACARÍ,VALLE DEL CAUCA,4.846712314455676,22.437875133224885,14.924172231491601,35654.0,4.74,Medio
70235,GALERAS,SUCRE,6.339230612830974,32.48561351401522,14.687246610411117,23582.0,4.74,Medio
5055,ARGELIA,ANTIOQUIA,14.630115522347683,38.30928361639637,13.159560643113306,8306.0,4.74,Medio
20614,RÍO DE ORO,CESAR,10.299045315704655,36.11412062116288,13.316487459299958,18522.0,4.74,Medio
52051,ARBOLEDA,NARIÑO,12.210928232728087,13.204806549584047,14.687246610411117,8915.0,4.72,Medio
18256,EL PAUJÍL,CAQUETÁ,7.558486271014982,23.296990028888267,14.687246610411117,21462.0,4.72,Medio
73483,NATAGAIMA,TOLIMA,6.946752227038703,26.881720430107528,14.687246610411117,22390.0,4.72,Medio
5321,GUATAPÉ,ANTIOQUIA,19.817677368212447,19.817677368212447,13.159560643113306,5046.0,4.72,Medio
13670,SAN PABLO,BOLÍVAR,4.449001623604351,20.733266526141197,16.05,36341.0,4.71,Medio
86001,MOCOA,PUTUMAYO,5.3696984267054,21.93511592708768,14.687246610411117,61796.0,4.71,Medio
5113,BURITICÁ,ANTIOQUIA,18.60449229782952,31.026993484331367,5.9,6495.0,4.7,Medio
47189,CIÉNAGA,MAGDALENA,3.0249409422571953,18.009137267539952,16.700000000000003,128153.0,4.68,Medio
70265,GUARANDA,SUCRE,7.33758089124722,27.225701061802344,14.687246610411117,18464.0,4.67,Medio
23815,TUCHÍN,CÓRDOBA,5.760541791978671,39.57946815089672,13.8,55849.0,4.67,Medio
66318,GUÁTICA,RISARALDA,7.595421631374662,8.086035416835125,21.15743801652893,15119.0,4.66,Medio
70820,SANTIAGO DE TOLÚ,SUCRE,5.825149970366018,22.4278104850014,14.687246610411117,35670.0,4.65,Medio
68307,GIRÓN,SANTANDER,3.3116652399758006,13.455663588475971,17.03495145631068,200659.0,4.65,Medio
68318,GUACA,SANTANDER,16.012242542340896,16.108247422680414,13.518945628712185,6264.0,4.65,Medio
23555,PLANETA RICA,CÓRDOBA,5.411751890184908,37.7852056387153,13.8,69285.0,4.64,Medio
68271,FLORIÁN,SANTANDER,15.954052329291642,15.954052329291642,13.518945628712185,6268.0,4.64,Medio
66045,APÍA,RISARALDA,6.829076876940587,7.96241738991958,21.15743801652893,19570.0,4.64,Medio
25307,GIRARDOT,CUNDINAMARCA,7.956343825535548,26.212810574996723,13.23243093922652,111871.0,4.64,Medio
5145,CARAMANTA,ANTIOQUIA,18.95375284306293,18.95375284306293,13.159560643113306,5276.0,4.63,Bajo
41551,PITALITO,HUILA,4.581505159989553,23.58299371365824,14.687246610411117,135691.0,4.63,Bajo
23500,MOÑITOS,CÓRDOBA,7.179602203498314,34.344197547824294,13.8,31496.0,4.63,Bajo
76147,CARTAGO,VALLE DEL CAUCA,2.7366372510975716,20.74642679845587,14.924172231491601,141993.0,4.61,Bajo
76109,BUENAVENTURA,VALLE DEL CAUCA,3.9434481674584134,14.31612493619988,14.924172231491601,432385.0,4.6,Bajo
8520,PALMAR DE VARELA,ATLÁNTICO,4.687513010903733,15.4428229480349,16.887182061579654,31364.0,4.59,Bajo
47551,PIVIJAY,MAGDALENA,6.480472507891579,30.09781790820165,14.069054054054057,40364.0,4.59,Bajo
68572,PUENTE NACIONAL,SANTANDER,11.364003984708182,25.60163850486431,13.518945628712185,11900.0,4.59,Bajo
76001,SANTIAGO DE CALI,VALLE DEL CAUCA,2.5462677325839262,11.939708922038555,19.057755235602095,2470747.0,4.58,Bajo
68167,CHARALÁ,SANTANDER,11.213596476121817,29.38008030555284,13.518945628712185,10290.0,4.56,Bajo
25841,UBAQUE,CUNDINAMARCA,16.784155756965426,16.784155756965426,13.23243093922652,5958.0,4.56,Bajo
5044,ANZÁ,ANTIOQUIA,15.429667325471591,26.28120893561104,13.159560643113306,7610.0,4.55,Bajo
19212,CORINTO,CAUCA,10.271492753250966,32.84660634835319,11.033928571428572,33489.0,4.55,Bajo
63401,LA TEBAIDA,QUINDÍO,4.987415549494342,21.596872772822497,14.687246610411117,46303.0,4.53,Bajo
19513,PADILLA,CAUCA,13.548165569206562,38.929440389294406,11.033928571428572,10275.0,4.53,Bajo
20383,LA GLORIA,CESAR,10.181433785675821,24.52984464431725,13.316487459299958,18909.0,4.52,Bajo
5390,LA PINTADA,ANTIOQUIA,16.006956846211082,23.88630120625821,12.71875,8373.0,4.52,Bajo
68217,COROMORO,SANTANDER,13.713714685461209,19.425019425019425,13.518945628712185,7659.0,4.52,Bajo
20570,PUEBLO BELLO,CESAR,7.435041684628197,36.62705518476315,13.316487459299958,29706.0,4.51,Bajo
5347,HELICONIA,ANTIOQUIA,17.574692442882252,17.574692442882252,13.159560643113306,5690.0,4.48,Bajo
52381,LA FLORIDA,NARIÑO,10.756157900397978,10.756157900397978,14.687246610411117,9297.0,4.48,Bajo
52411,LINARES,NARIÑO,10.686044026501389,10.686044026501389,14.687246610411117,9358.0,4.46,Bajo
5079,BARBOSA,ANTIOQUIA,8.26983430705768,31.97291705849163,12.177272727272726,54639.0,4.45,Bajo
5467,MONTEBELLO,ANTIOQUIA,17.16738197424893,17.16738197424893,13.159560643113306,5825.0,4.44,Bajo
25019,ALBÁN,CUNDINAMARCA,15.50788619903465,16.78697330871244,13.23243093922652,7028.0,4.44,Bajo
20238,EL COPEY,CESAR,7.793852992999145,26.017468871956886,13.316487459299958,33099.0,4.44,Bajo
44855,URUMITA,LA GUAJIRA,10.436619357753129,41.63630685958155,7.599999999999999,19629.0,4.44,Bajo
5234,DABEIBA,ANTIOQUIA,8.718890070185415,39.20885248758386,13.159560643113306,23950.0,4.43,Bajo
18410,LA MONTAÑITA,CAQUETÁ,6.533217141796835,16.445339801833654,14.687246610411117,24323.0,4.42,Bajo
15322,GUATEQUE,BOYACÁ,9.792816990634588,10.6258633513973,14.687246610411117,11161.0,4.41,Bajo
25797,TENA,CUNDINAMARCA,12.695619163172001,21.03713053539497,13.23243093922652,10513.0,4.41,Bajo
52786,TAMINANGO,NARIÑO,6.5703599183201895,18.493689028618984,14.687246610411117,21985.0,4.41,Bajo
20178,CHIRIGUANÁ,CESAR,9.424035174408532,37.68708947991816,7.6091836734693885,30552.0,4.41,Bajo
19780,SUÁREZ,CAUCA,8.701827167870684,38.035209737013695,11.033928571428572,33081.0,4.4,Bajo
52256,EL ROSARIO,NARIÑO,9.637442151516542,10.341261633919338,14.687246610411117,12704.0,4.4,Bajo
15599,RAMIRIQUÍ,BOYACÁ,10.331645831180907,10.331645831180907,14.687246610411117,9679.0,4.4,Bajo
5400,LA UNIÓN,ANTIOQUIA,9.768552571372163,30.90712409210323,13.159560643113306,22474.0,4.4,Bajo
5756,SONSÓN,ANTIOQUIA,4.3839218270919575,10.66353869531604,16.05,37511.0,4.39,Bajo
76377,LA CUMBRE,VALLE DEL CAUCA,6.84272981277397,8.530239699735562,14.924172231491601,17152.0,4.38,Bajo
8001,BARRANQUILLA,ATLÁNTICO,3.9332958041371713,36.07877069507645,13.549046184738957,1294390.0,4.35,Bajo
68820,TONA,SANTANDER,13.814062715844733,13.814062715844733,13.518945628712185,7239.0,4.35,Bajo
76306,GINEBRA,VALLE DEL CAUCA,5.409299911093223,9.170105456212744,14.924172231491601,24717.0,4.35,Bajo
68229,CURITÍ,SANTANDER,10.006663969439595,23.059185242121444,13.518945628712185,13010.0,4.35,Bajo
20787,TAMALAMEQUE,CESAR,8.89683045109356,29.197080291970806,13.316487459299958,16841.0,4.34,Bajo
47605,REMOLINO,MAGDALENA,12.556076101426305,12.6055716626749,14.069054054054057,7980.0,4.34,Bajo
70713,SAN ONOFRE,SUCRE,4.605750208947588,17.31068838837491,14.687246610411117,54540.0,4.34,Bajo
18247,EL DONCELLO,CAQUETÁ,6.207900431784444,17.932394871335067,14.687246610411117,22306.0,4.34,Bajo
5856,VALPARAÍSO,ANTIOQUIA,16.021003590296434,16.43655489809336,13.159560643113306,6739.0,4.34,Bajo
13006,ACHÍ,BOLÍVAR,4.584279239555505,11.380448389666553,16.05,26361.0,4.33,Bajo
13430,MAGANGUÉ,BOLÍVAR,2.123550893264966,11.291961736381088,16.05,142069.0,4.32,Bajo
23350,LA APARTADA,CÓRDOBA,8.079200219240391,24.517315353968744,13.8,16315.0,4.3,Bajo
63272,FILANDIA,QUINDÍO,7.848579731137363,14.671361502347418,14.687246610411117,13632.0,4.29,Bajo
23672,SAN ANTERO,CÓRDOBA,6.45872933561857,20.79496167785633,13.8,35628.0,4.28,Bajo
41396,LA PLATA,HUILA,4.375547314184105,16.368804035654232,14.687246610411117,67201.0,4.28,Bajo
47720,SANTA BÁRBARA DE PINTO,MAGDALENA,10.078450070725005,15.053439710973958,14.069054054054057,13286.0,4.28,Bajo
5631,SABANETA,ANTIOQUIA,2.061572583684203,7.328826105278587,24.004901960784316,87446.0,4.28,Bajo
66088,BELÉN DE UMBRÍA,RISARALDA,4.381256852423546,7.21422645456841,21.15743801652893,27723.0,4.28,Bajo
17614,RIOSUCIO,CALDAS,4.631191120164029,24.770485965971545,14.211764705882352,64593.0,4.27,Bajo
5656,SAN JERÓNIMO,ANTIOQUIA,10.007359803914563,30.83564600678384,13.159560643113306,16081.0,4.26,Bajo
70429,MAJAGUAL,SUCRE,4.311768550124117,20.703321404276718,14.687246610411117,40322.0,4.26,Bajo
17380,LA DORADA,CALDAS,4.633945720053624,22.91825821237586,14.211764705882352,78540.0,4.26,Bajo
41668,SAN AGUSTÍN,HUILA,4.904994166734757,17.29106628242075,14.687246610411117,34700.0,4.25,Bajo
25040,ANOLAIMA,CUNDINAMARCA,10.502294712590759,19.942830552416407,13.23243093922652,15043.0,4.24,Bajo
44078,BARRANCAS,LA GUAJIRA,7.61228259856857,37.9794910748196,7.599999999999999,40884.0,4.24,Bajo
47545,PIJIÑO DEL CARMEN,MAGDALENA,8.283547386173625,18.03318105313777,14.069054054054057,16636.0,4.23,Bajo
8634,SABANAGRANDE,ATLÁNTICO,3.5234939350412224,8.5295121119072,16.887182061579654,35172.0,4.23,Bajo
47980,ZONA BANANERA,MAGDALENA,5.198451286402608,19.257927846963668,14.069054054054057,75123.0,4.23,Bajo
5890,YOLOMBÓ,ANTIOQUIA,7.423317535586459,38.99091511677779,13.159560643113306,25647.0,4.22,Bajo
63594,QUIMBAYA,QUINDÍO,5.0832789379339705,14.17474627204173,14.687246610411117,35274.0,4.22,Bajo
52320,GUAITARILLA,NARIÑO,8.8261253309797,8.8261253309797,14.687246610411117,11330.0,4.21,Bajo
5615,RIONEGRO,ANTIOQUIA,1.726911619305193,7.803172770048302,16.849019607843136,143102.0,4.2,Bajo
76736,SEVILLA,VALLE DEL CAUCA,3.1877670168303935,11.3574413956024,14.924172231491601,44313.0,4.2,Bajo
23182,CHINÚ,CÓRDOBA,5.529382165884354,19.87557887623477,13.8,50313.0,4.19,Bajo
76563,PRADERA,VALLE DEL CAUCA,2.7220045730073115,10.347860579825122,14.924172231491601,57983.0,4.18,Bajo
18150,CARTAGENA DEL CHAIRÁ,CAQUETÁ,4.486895913491071,16.914272827220703,14.687246610411117,35473.0,4.17,Bajo
5591,PUERTO TRIUNFO,ANTIOQUIA,7.391726896229199,42.0057757941717,13.159560643113306,21745.0,4.17,Bajo
52560,POTOSÍ,NARIÑO,8.536064874093043,8.536064874093043,14.687246610411117,11715.0,4.17,Bajo
68464,MOGOTES,SANTANDER,10.287254168758293,18.812905653278147,13.518945628712185,10864.0,4.17,Bajo
17616,RISARALDA,CALDAS,10.895569214287168,10.92537965694308,14.211764705882352,9254.0,4.17,Bajo
5576,PUEBLORRICO,ANTIOQUIA,15.114912397928938,15.248551387618177,13.159560643113306,6675.0,4.16,Bajo
41306,GIGANTE,HUILA,4.882942956707946,14.084507042253522,14.687246610411117,35500.0,4.16,Bajo
25491,NOCAIMA,CUNDINAMARCA,13.143053055784307,15.071590052750564,13.23243093922652,8211.0,4.16,Bajo
25718,SASAIMA,CUNDINAMARCA,10.993854296913026,18.470631695603988,13.23243093922652,11721.0,4.16,Bajo
17442,MARMATO,CALDAS,10.732384987302348,10.937329104232749,14.211764705882352,9363.0,4.16,Bajo
8685,SANTO TOMÁS,ATLÁNTICO,3.8520877220390544,6.189842468509176,16.887182061579654,32311.0,4.15,Bajo
5197,COCORNÁ,ANTIOQUIA,8.998223372026954,33.53678985847475,13.159560643113306,16062.0,4.15,Bajo
68051,ARATOCA,SANTANDER,12.093360744951022,12.093360744951022,13.518945628712185,8269.0,4.14,Bajo
20295,GAMARRA,CESAR,8.172157006922324,23.150827642088203,13.316487459299958,17483.0,4.14,Bajo
23675,SAN BERNARDO DEL VIENTO,CÓRDOBA,5.798981647382874,19.33701657458564,13.8,38929.0,4.13,Bajo
23686,SAN PELAYO,CÓRDOBA,4.724584889210049,24.231209798220107,13.8,53670.0,4.13,Bajo
23001,MONTERÍA,CÓRDOBA,4.229514309324018,21.29402485316901,13.8,513732.0,4.12,Bajo
66594,QUINCHÍA,RISARALDA,3.4926292639194774,3.6029544226265537,21.15743801652893,34002.0,4.12,Bajo
66001,PEREIRA,RISARALDA,0.5162098057786759,2.29678179111396,30.564876033057853,479864.0,4.11,Bajo
5086,BELMIRA,ANTIOQUIA,14.43001443001443,14.43001443001443,13.159560643113306,6930.0,4.09,Bajo
5001,MEDELLÍN,ANTIOQUIA,0.5431716044980622,1.8826947794834905,20.5795671761189,2549537.0,4.08,Bajo
41503,OPORAPA,HUILA,7.560228520507918,8.171269815329302,14.687246610411117,14797.0,4.08,Bajo
20001,VALLEDUPAR,CESAR,4.443550519221704,23.918498729076383,13.5,538601.0,4.08,Bajo
66682,SANTA ROSA DE CABAL,RISARALDA,1.4840818086630803,3.773205212054133,21.15743801652893,79508.0,4.08,Bajo
5380,LA ESTRELLA,ANTIOQUIA,1.8768838198789026,3.017547036014424,17.73333333333333,75609.0,4.08,Bajo
76020,ALCALÁ,VALLE DEL CAUCA,4.8613089547156125,6.798558705554423,14.924172231491601,23176.0,4.07,Bajo
19450,MERCADERES,CAUCA,8.560842861029727,28.95193977996525,11.033928571428572,24178.0,4.07,Bajo
5659,SAN JUAN DE URABÁ,ANTIOQUIA,7.03837853807844,33.067220936274744,13.159560643113306,27149.0,4.07,Bajo
68861,VÉLEZ,SANTANDER,7.528239777814784,15.950659293917482,13.518945628712185,25586.0,4.07,Bajo
73043,ANZOÁTEGUI,TOLIMA,6.247596880631254,10.374520178441747,14.687246610411117,19278.0,4.06,Bajo
76364,JAMUNDÍ,VALLE DEL CAUCA,1.5737356609284312,8.471508775712955,14.815555555555557,179060.0,4.05,Bajo
5854,VALDIVIA,ANTIOQUIA,6.19421518619495,40.75311761349743,13.159560643113306,24538.0,4.03,Bajo
18001,FLORENCIA,CAQUETÁ,2.32051817311083,14.631687900677935,14.687246610411117,184531.0,4.03,Bajo
5129,CALDAS,ANTIOQUIA,1.4877636012806215,2.483299808785915,18.97772727272727,83850.0,4.03,Bajo
5360,ITAGÜÍ,ANTIOQUIA,0.5226560314755432,1.4443770401825693,20.860666666666667,291662.0,4.03,Bajo
25394,LA PALMA,CUNDINAMARCA,10.490154383960762,18.02451333813987,13.23243093922652,11096.0,4.03,Bajo
52687,SAN LORENZO,NARIÑO,5.846020895286013,10.511931041732366,14.687246610411117,20403.0,4.02,Bajo
68679,SAN GIL,SANTANDER,5.050859725144449,19.558414464534074,13.518945628712185,61613.0,4.01,Bajo
5088,BELLO,ANTIOQUIA,0.3829046888513051,1.0367958859939244,17.521296296296295,552073.0,4.01,Bajo
5649,SAN CARLOS,ANTIOQUIA,8.2211311661717,30.955918771669143,13.159560643113306,16538.0,4.01,Bajo
25754,SOACHA,CUNDINAMARCA,0.2069448166816335,0.3595389272796566,18.57,735961.0,3.99,Bajo
68547,PIEDECUESTA,SANTANDER,5.3425553962858645,30.00097962382445,11.6,186850.0,3.98,Bajo
47541,PEDRAZA,MAGDALENA,9.938382031405288,9.938382031405288,14.069054054054057,10062.0,3.97,Bajo
44001,RIOHACHA,LA GUAJIRA,4.469467765562714,44.23924962702548,7.599999999999999,296047.0,3.96,Bajo
68418,LOS SANTOS,SANTANDER,8.371242405872808,15.812776723592664,13.518945628712185,15062.0,3.96,Bajo
17088,BELALCÁZAR,CALDAS,9.571209800918837,9.571209800918837,14.211764705882352,10448.0,3.96,Bajo
25430,MADRID,CUNDINAMARCA,1.0340910950059803,1.1960005740802755,16.3,126386.0,3.95,Bajo
41378,LA ARGENTINA,HUILA,6.854823702551705,7.380073800738008,14.687246610411117,15059.0,3.94,Bajo
52240,CHACHAGÜÍ,NARIÑO,6.737824440776422,7.11997152011392,14.687246610411117,15695.0,3.93,Bajo
5490,NECOCLÍ,ANTIOQUIA,5.380527821819019,24.80382429872824,13.159560643113306,69090.0,3.93,Bajo
41006,ACEVEDO,HUILA,4.087373711938354,11.473591616629058,14.687246610411117,35864.0,3.93,Bajo
17050,ARANZAZU,CALDAS,9.17094644167278,9.17094644167278,14.211764705882352,10904.0,3.93,Bajo
76248,EL CERRITO,VALLE DEL CAUCA,2.11554538368635,5.21448932767851,14.924172231491601,58564.0,3.92,Bajo
86749,SIBUNDOY,PUTUMAYO,6.94637399277577,6.94637399277577,14.687246610411117,14396.0,3.91,Bajo
23417,LORICA,CÓRDOBA,3.8080337670046447,19.79969310475688,13.8,121214.0,3.9,Bajo
44279,FONSECA,LA GUAJIRA,7.127156516678881,23.013635579080606,7.599999999999999,47885.0,3.9,Bajo
5842,URAMITA,ANTIOQUIA,12.67157797494092,14.114326040931546,13.159560643113306,8203.0,3.9,Bajo
25372,JUNÍN,CUNDINAMARCA,11.46788990825688,11.46788990825688,13.23243093922652,8720.0,3.87,Bajo
17444,MARQUETALIA,CALDAS,7.328003878656872,13.323562720671507,14.211764705882352,15011.0,3.86,Bajo
63190,CIRCASIA,QUINDÍO,3.9207604104024987,12.946240735346471,14.687246610411117,30897.0,3.86,Bajo
5411,LIBORINA,ANTIOQUIA,11.819395349222692,20.89427496865859,6.6000000000000005,10361.0,3.86,Bajo
5172,CHIGORODÓ,ANTIOQUIA,4.975849737944042,24.733700491376183,13.159560643113306,84183.0,3.85,Bajo
23189,CIÉNAGA DE ORO,CÓRDOBA,3.831417101237186,19.3867330123752,13.8,69144.0,3.85,Bajo
23300,COTORRA,CÓRDOBA,6.941704161321405,12.860909266285123,13.8,19905.0,3.84,Bajo
25899,ZIPAQUIRÁ,CUNDINAMARCA,0.7786585270895302,0.7786585270895302,15.15,128426.0,3.83,Bajo
23574,PUERTO ESCONDIDO,CÓRDOBA,5.190319309259042,15.70647735125966,13.8,32745.0,3.83,Bajo
5120,CÁCERES,ANTIOQUIA,5.820074582294169,21.944796644884423,13.159560643113306,42112.0,3.82,Bajo
63470,MONTENEGRO,QUINDÍO,3.432756047299599,9.58818735318088,14.687246610411117,41860.0,3.81,Bajo
47245,EL BANCO,MAGDALENA,4.055429534585047,14.261012175339143,14.069054054054057,71156.0,3.8,Bajo
44650,SAN JUAN DEL CESAR,LA GUAJIRA,6.179691566338579,25.706940874035983,7.599999999999999,52406.0,3.8,Bajo
23660,SAHAGÚN,CÓRDOBA,4.09382522281568,14.379576576775875,13.8,112903.0,3.8,Bajo
15299,GARAGOA,BOYACÁ,5.58813697591755,5.85514374377891,14.687246610411117,18793.0,3.79,Bajo
25053,ARBELÁEZ,CUNDINAMARCA,9.045850026535595,16.0655474335288,13.23243093922652,12449.0,3.78,Bajo
5885,YALÍ,ANTIOQUIA,11.693949404064819,12.669453946534905,13.159560643113306,8672.0,3.75,Bajo
5125,CAICEDO,ANTIOQUIA,11.846001432125064,11.910433539780849,13.159560643113306,8457.0,3.75,Bajo
25649,SAN BERNARDO,CUNDINAMARCA,10.123102768943786,10.98780353807274,13.23243093922652,10801.0,3.74,Bajo
25148,CAPARRAPÍ,CUNDINAMARCA,7.990239770123945,14.855529971031716,13.23243093922652,16748.0,3.74,Bajo
68081,BARRANCABERMEJA,SANTANDER,3.5023192727322923,15.678896205707115,13.518945628712185,210805.0,3.71,Bajo
5790,TARAZÁ,ANTIOQUIA,5.157004437242929,21.57823187967978,13.159560643113306,47625.0,3.7,Bajo
17524,PALESTINA,CALDAS,6.104538448038666,11.365573677331364,14.211764705882352,17639.0,3.7,Bajo
73124,CAJAMARCA,TOLIMA,5.11954446366357,5.234779877506151,14.687246610411117,19596.0,3.69,Bajo
25845,UNE,CUNDINAMARCA,10.329511414110112,10.329511414110112,13.23243093922652,9681.0,3.69,Bajo
52378,LA CRUZ,NARIÑO,5.220296512841929,5.220296512841929,14.687246610411117,19156.0,3.69,Bajo
5091,BETANIA,ANTIOQUIA,10.765115070036497,11.28158844765343,13.159560643113306,10608.0,3.69,Bajo
5543,PEQUE,ANTIOQUIA,10.347065577545468,11.860989206499822,13.159560643113306,11321.0,3.69,Bajo
52683,SANDONÁ,NARIÑO,4.5458789952876595,4.767125899795014,14.687246610411117,25759.0,3.68,Bajo
5045,APARTADÓ,ANTIOQUIA,4.85262137911735,17.916598235215073,13.159560643113306,200931.0,3.68,Bajo
5134,CAMPAMENTO,ANTIOQUIA,11.313497001923292,11.313497001923292,13.159560643113306,8839.0,3.68,Bajo
5051,ARBOLETES,ANTIOQUIA,4.934670085518827,22.467582488124275,13.159560643113306,44560.0,3.66,Bajo
17653,SALAMINA,CALDAS,6.27543004926195,6.498148027812073,14.211764705882352,19737.0,3.64,Bajo
52678,SAMANIEGO,NARIÑO,2.7075749359728634,4.066859164667128,14.687246610411117,49270.0,3.61,Bajo
52418,LOS ANDES,NARIÑO,4.792715073088905,4.792715073088905,14.687246610411117,20865.0,3.61,Bajo
41359,ISNOS,HUILA,3.8304189600789957,7.01188514532132,14.687246610411117,28523.0,3.61,Bajo
5690,SANTO DOMINGO,ANTIOQUIA,9.860831543049882,10.073536818777072,13.159560643113306,12729.0,3.58,Bajo
63130,CALARCÁ,QUINDÍO,1.7640336475690406,3.808266477099624,14.687246610411117,79170.0,3.57,Bajo
52110,BUESACO,NARIÑO,3.9402128180501492,4.067851767481593,14.687246610411117,26229.0,3.54,Bajo
5585,PUERTO NARE,ANTIOQUIA,7.444525673743435,15.47827881539573,13.159560643113306,19382.0,3.54,Bajo
68575,PUERTO WILCHES,SANTANDER,4.279596698069474,15.868482021009871,13.518945628712185,34876.0,3.54,Bajo
25317,GUACHETÁ,CUNDINAMARCA,8.170960917852266,8.82223202470225,13.23243093922652,14538.0,3.51,Bajo
25297,GACHETÁ,CUNDINAMARCA,8.841732979664014,8.841732979664014,13.23243093922652,11310.0,3.51,Bajo
23068,AYAPEL,CÓRDOBA,3.2531809121687623,11.081560283687944,13.8,55120.0,3.5,Bajo
68001,BUCARAMANGA,SANTANDER,4.094686208843218,19.10367812004676,12.728450106157114,604462.0,3.49,Bajo
52227,CUMBAL,NARIÑO,2.5663232498514628,2.619515389652914,14.687246610411117,39791.0,3.49,Bajo
52838,TÚQUERRES,NARIÑO,2.3299998105037276,2.4828682093554475,14.687246610411117,45932.0,3.49,Bajo
19300,GUACHENÉ,CAUCA,7.08228442205232,20.06722520443486,11.033928571428572,19964.0,3.49,Bajo
52356,IPIALES,NARIÑO,0.7337448449941923,0.8374087224492529,14.687246610411117,151533.0,3.48,Bajo
15238,DUITAMA,BOYACÁ,0.8249168901734043,0.874026552926678,14.687246610411117,128898.0,3.48,Bajo
68276,FLORIDABLANCA,SANTANDER,4.4052825664960045,17.190413728413883,12.712380952380952,328199.0,3.48,Bajo
44098,DISTRACCIÓN,LA GUAJIRA,7.7680934953424625,20.49600327936053,7.599999999999999,17112.0,3.48,Bajo
52001,PASTO,NARIÑO,0.29011568866898824,0.4929386537845365,14.687246610411117,460638.0,3.46,Bajo
47570,PUEBLOVIEJO,MAGDALENA,4.095260727825683,9.08265213442325,14.069054054054057,33030.0,3.45,Bajo
5579,PUERTO BERRÍO,ANTIOQUIA,5.052684236583915,19.907628603280777,10.969736842105263,50232.0,3.45,Bajo
15001,TUNJA,BOYACÁ,0.4927589078491566,0.4927589078491566,14.687246610411117,202939.0,3.45,Bajo
5147,CAREPA,ANTIOQUIA,3.951967045798569,19.46756217452669,13.159560643113306,61641.0,3.42,Bajo
25279,FÓMEQUE,CUNDINAMARCA,8.178286662622035,8.178621084485155,13.23243093922652,12228.0,3.42,Bajo
25151,CÁQUEZA,CUNDINAMARCA,6.465776908727759,11.496895838123708,13.23243093922652,18641.0,3.41,Bajo
17662,SAMANÁ,CALDAS,4.404146533107305,7.752538956508256,14.211764705882352,25798.0,3.4,Bajo
5361,ITUANGO,ANTIOQUIA,5.544483521869624,15.323322096230465,13.159560643113306,28142.0,3.4,Bajo
5038,ANGOSTURA,ANTIOQUIA,9.147457006952068,9.147457006952068,13.159560643113306,10932.0,3.38,Bajo
25535,PASCA,CUNDINAMARCA,7.946598855689765,7.946598855689765,13.23243093922652,12584.0,3.36,Bajo
17433,MANZANARES,CALDAS,4.752461716307001,5.41682465738584,14.211764705882352,22623.0,3.35,Bajo
5209,CONCORDIA,ANTIOQUIA,5.980518308120384,14.799467219180109,13.159560643113306,22137.0,3.31,Bajo
5837,TURBO,ANTIOQUIA,3.026795403852958,16.027964982712692,13.159560643113306,176813.0,3.31,Bajo
17777,SUPÍA,CALDAS,3.8398185118536152,6.7785121165904085,14.211764705882352,29505.0,3.31,Bajo
23162,CERETÉ,CÓRDOBA,2.131788331077033,6.402526863935633,13.8,111029.0,3.29,Bajo
5368,JERICÓ,ANTIOQUIA,8.478989847731027,8.499787505312367,13.159560643113306,11852.0,3.29,Bajo
19100,BOLÍVAR,CAUCA,4.9333788715306675,15.59332605644784,11.033928571428572,44868.0,3.29,Bajo
5809,TITIRIBÍ,ANTIOQUIA,8.46259023827198,13.521736190926916,3.0,14791.0,3.29,Bajo
5310,GÓMEZ PLATA,ANTIOQUIA,7.858417991205218,9.884353069091627,13.159560643113306,13417.0,3.28,Bajo
68432,MÁLAGA,SANTANDER,5.373096432628421,5.485463521667581,13.518945628712185,21226.0,3.27,Bajo
44378,HATONUEVO,LA GUAJIRA,6.212781833184715,14.429493885501966,7.599999999999999,28671.0,3.27,Bajo
5667,SAN RAFAEL,ANTIOQUIA,7.647217248786067,7.8314668337379585,13.159560643113306,16199.0,3.27,Bajo
5861,VENECIA,ANTIOQUIA,7.966016676375068,8.339588024351597,13.159560643113306,13184.0,3.25,Bajo
17174,CHINCHINÁ,CALDAS,2.275023161308799,3.9468750616699233,14.211764705882352,52701.0,3.24,Bajo
19075,BALBOA,CAUCA,5.671884052840934,15.16070345664039,11.033928571428572,26384.0,3.23,Bajo
5240,EBÉJICO,ANTIOQUIA,8.00881085661521,8.014104824491104,13.159560643113306,12489.0,3.23,Bajo
25745,SIMIJACA,CUNDINAMARCA,7.039774727208729,7.039774727208729,13.23243093922652,14205.0,3.22,Bajo
17013,AGUADAS,CALDAS,4.321707938977484,4.321707938977484,14.211764705882352,23139.0,3.22,Bajo
76834,TULUÁ,VALLE DEL CAUCA,2.564986508460309,21.20134966889807,8.05,229900.0,3.22,Bajo
47001,SANTA MARTA,MAGDALENA,2.7087775978258604,16.951691621133634,11.438108108108109,540204.0,3.21,Bajo
17541,PENSILVANIA,CALDAS,3.7959307622228975,3.7959307622228975,14.211764705882352,26344.0,3.17,Bajo
17042,ANSERMA,CALDAS,3.005530175522962,3.005530175522962,14.211764705882352,33272.0,3.17,Bajo
5264,ENTRERRÍOS,ANTIOQUIA,9.48136910969944,9.48136910969944,6.7,10547.0,3.16,Bajo
76520,PALMIRA,VALLE DEL CAUCA,1.9462934170966415,19.19883271097117,11.827678571428573,357178.0,3.15,Bajo
17001,MANIZALES,CALDAS,0.2416075430989795,0.2499037870419888,14.211764705882352,449434.0,3.13,Bajo
25322,GUASCA,CUNDINAMARCA,6.358491765753163,6.358491765753163,13.23243093922652,15727.0,3.13,Bajo
5093,BETULIA,ANTIOQUIA,6.056833427647617,11.282861333634209,13.159560643113306,17773.0,3.13,Bajo
17873,VILLAMARÍA,CALDAS,1.561067516620417,1.6467953362756076,14.211764705882352,67781.0,3.13,Bajo
5212,COPACABANA,ANTIOQUIA,1.6331540422487005,4.07736113187545,13.672549019607844,82038.0,3.12,Bajo
25295,GACHANCIPÁ,CUNDINAMARCA,6.233248145608676,6.233248145608676,13.23243093922652,16043.0,3.12,Bajo
25513,PACHO,CUNDINAMARCA,4.2125899979661705,10.723093970046824,13.23243093922652,27977.0,3.09,Bajo
19622,ROSAS,CAUCA,7.878965641505747,8.412551526878103,11.033928571428572,13614.0,3.09,Bajo
25769,SUBACHOQUE,CUNDINAMARCA,6.051803437424352,6.051803437424352,13.23243093922652,16524.0,3.08,Bajo
5031,AMALFI,ANTIOQUIA,4.873016442500351,8.862498338281561,13.159560643113306,27155.0,3.03,Bajo
5670,SAN ROQUE,ANTIOQUIA,5.72621032075329,6.160670280926565,13.159560643113306,22355.0,3.02,Bajo
19142,CALOTO,CAUCA,4.918605497231184,11.276499774470004,11.033928571428572,30585.0,3.01,Bajo
5364,JARDÍN,ANTIOQUIA,7.235727960143887,7.448234768359899,11.1,15115.0,3.01,Bajo
25772,SUESCA,CUNDINAMARCA,5.306728932286139,5.306728932286139,13.23243093922652,18844.0,2.99,Bajo
5541,PEÑOL,ANTIOQUIA,6.373486297004461,6.373486297004461,13.159560643113306,15690.0,2.97,Bajo
25183,CHOCONTÁ,CUNDINAMARCA,4.0396818235898095,7.161528270132846,13.23243093922652,27927.0,2.95,Bajo
25799,TENJO,CUNDINAMARCA,4.527507828465609,4.95564695971059,13.23243093922652,24394.0,2.94,Bajo
44090,DIBULLA,LA GUAJIRA,4.390752075687266,10.918222513374824,7.599999999999999,43892.0,2.94,Bajo
44430,MAICAO,LA GUAJIRA,2.5908590531567626,12.604815039345027,7.599999999999999,191241.0,2.93,Bajo
20621,LA PAZ,CESAR,4.3431053203040175,4.3431053203040175,13.316487459299958,23025.0,2.93,Bajo
5138,CAÑASGORDAS,ANTIOQUIA,6.013874473935352,6.26605677047434,13.159560643113306,16737.0,2.92,Bajo
5761,SOPETRÁN,ANTIOQUIA,6.6112250029552,6.641429235571494,12.85,15172.0,2.92,Bajo
5642,SALGAR,ANTIOQUIA,5.51960549754945,5.772338951743246,13.159560643113306,18789.0,2.89,Bajo
5789,TÁMESIS,ANTIOQUIA,7.112881428266592,7.112881428266592,10.6,14059.0,2.88,Bajo
25290,FUSAGASUGÁ,CUNDINAMARCA,1.3600678589397275,3.447348644157778,13.23243093922652,154794.0,2.87,Bajo
5154,CAUCASIA,ANTIOQUIA,1.8685697493817806,8.110036981768637,13.159560643113306,123304.0,2.87,Bajo
25743,SILVANIA,CUNDINAMARCA,4.530275303315908,4.531448250860976,13.23243093922652,22076.0,2.87,Bajo
5002,ABEJORRAL,ANTIOQUIA,5.1035017398814615,5.265652151018903,13.159560643113306,20924.0,2.84,Bajo
19532,PATÍA,CAUCA,3.524629442184564,10.484378276368211,11.033928571428572,38152.0,2.81,Bajo
19573,PUERTO TEJADA,CAUCA,3.2429162904364426,9.26526452330214,11.033928571428572,46166.0,2.8,Bajo
5030,AMAGÁ,ANTIOQUIA,3.898037014297377,9.876218066894918,12.5,31548.0,2.79,Bajo
25785,TABIO,CUNDINAMARCA,3.3634926507685576,3.3634926507685576,13.23243093922652,29731.0,2.78,Bajo
25175,CHÍA,CUNDINAMARCA,0.718349830552936,0.7366373976074017,13.23243093922652,148415.0,2.77,Bajo
25740,SIBATÉ,CUNDINAMARCA,2.4239486122894194,2.4239486122894194,13.23243093922652,41255.0,2.76,Bajo
25286,FUNZA,CUNDINAMARCA,1.2355288681320038,1.2355288681320038,13.23243093922652,80937.0,2.75,Bajo
44560,MANAURE,LA GUAJIRA,2.249803992211648,9.657688593196696,7.599999999999999,120417.0,2.75,Bajo
25269,FACATATIVÁ,CUNDINAMARCA,0.7175454206251256,0.7175454206251256,13.23243093922652,139364.0,2.75,Bajo
25843,VILLA DE SAN DIEGO DE UBATÉ,CUNDINAMARCA,2.5272947836635664,2.5272947836635664,13.23243093922652,39568.0,2.75,Bajo
19585,PURACÉ,CAUCA,5.532809560694921,5.532809560694921,11.033928571428572,18074.0,2.73,Bajo
19397,LA VEGA,CAUCA,2.9327266610298643,7.85700255352583,11.033928571428572,47417.0,2.72,Bajo
19110,BUENOS AIRES,CAUCA,3.762552510818489,8.760658801541876,11.033928571428572,34631.0,2.72,Bajo
19455,MIRANDA,CAUCA,3.455253751690221,7.035812284528248,11.033928571428572,42639.0,2.72,Bajo
19698,SANTANDER DE QUILICHAO,CAUCA,1.6665654771275338,4.3686054537670485,12.0,114453.0,2.62,Bajo
5686,SANTA ROSA DE OSOS,ANTIOQUIA,2.6712969146520638,2.6712969146520638,13.159560643113306,37435.0,2.61,Bajo
44847,URIBIA,LA GUAJIRA,1.562161068927799,6.745502565885398,7.599999999999999,198890.0,2.6,Bajo
5376,LA CEJA,ANTIOQUIA,1.8153140510128143,1.8309988098507737,13.159560643113306,55246.0,2.59,Bajo
19824,TOTORÓ,CAUCA,4.316148187180525,4.75827940616673,11.033928571428572,25813.0,2.59,Bajo
5034,ANDES,ANTIOQUIA,2.1155490454054418,2.1275237750781866,13.159560643113306,47384.0,2.59,Bajo
5440,MARINILLA,ANTIOQUIA,1.7750828206509504,1.7921789311444856,13.159560643113306,56608.0,2.58,Bajo
5308,GIRARDOTA,ANTIOQUIA,1.7931683749590164,3.371942070035237,12.788636363636364,59313.0,2.56,Bajo
5282,FREDONIA,ANTIOQUIA,4.746253307256299,4.76258513120922,8.25,21142.0,2.54,Bajo
19137,CALDONO,CAUCA,2.8250933281947246,2.948982601002654,11.033928571428572,41953.0,2.54,Bajo
5266,ENVIGADO,ANTIOQUIA,0.6536973313990073,1.6422518557445969,12.604225352112676,243568.0,2.53,Bajo
66170,DOSQUEBRADAS,RISARALDA,0.69967941123249,1.9352372842815189,11.75,224535.0,2.53,Bajo
19821,TORIBÍO,CAUCA,2.9291585222439296,3.2897983353620424,11.033928571428572,36379.0,2.51,Bajo
19130,CAJIBÍO,CAUCA,2.561535996089864,2.602269178723847,11.033928571428572,43575.0,2.49,Bajo
19807,TIMBÍO,CAUCA,2.761921844391832,2.811832189854909,11.033928571428572,36873.0,2.49,Bajo
19256,EL TAMBO,CAUCA,1.9643252565572653,2.0851578464489764,11.033928571428572,55898.0,2.47,Bajo
19355,INZÁ,CAUCA,3.179123132272897,3.316529583443884,11.033928571428572,32150.0,2.47,Bajo
25817,TOCANCIPÁ,CUNDINAMARCA,2.5428650631779743,2.821750049380626,9.0,44170.0,2.45,Bajo
19548,PIENDAMÓ - TUNÍA,CAUCA,2.191964726270813,2.2048285745783267,11.033928571428572,46163.0,2.45,Bajo
25377,LA CALERA,CUNDINAMARCA,3.020053152935492,3.020053152935492,8.1,33112.0,2.43,Bajo
19001,POPAYÁN,CAUCA,0.384275288056916,1.045467376190526,10.067857142857145,332323.0,2.42,Bajo
5887,YARUMAL,ANTIOQUIA,2.1208428192289337,2.3090422092915857,8.775,49109.0,2.41,Bajo
