cod_mpio,nom_mpio,enfermedad,fecha,casos_predichos,nivel_riesgo
5001,MEDELLÍN,Dengue,2021-12-27,5.050893144973993,Bajo
5001,MEDELLÍN,Malaria,2021-12-27,1.2604807507324578,Bajo
5030,AMAGÁ,Dengue,2021-06-14,1.4261560604211518,Bajo
5031,AMALFI,Dengue,2021-11-01,1.2062255501855232,Bajo
5031,AMALFI,Malaria,2021-11-22,1.1937225011590225,Bajo
5040,ANORÍ,Dengue,2021-09-06,1.3246106327552676,Bajo
5040,ANORÍ,Malaria,2021-12-27,2.029692739002607,Bajo
5044,ANZÁ,Dengue,2021-05-10,1.4166105563931688,Bajo
5045,APARTADÓ,Dengue,2021-12-27,3.9806434016362733,Bajo
5045,APARTADÓ,Malaria,2021-12-27,6.625833548770289,Bajo
5051,ARBOLETES,Dengue,2021-12-27,1.387500988627406,Bajo
5051,ARBOLETES,Malaria,2021-12-27,2.378791481363532,Bajo
5055,ARGELIA,Dengue,2021-10-18,1.7994398983624142,Bajo
5055,ARGELIA,Malaria,2021-04-05,1.1279755572981132,Bajo
5059,ARMENIA,Dengue,2021-12-27,1.3971024162820127,Bajo
5079,BARBOSA,Dengue,2021-08-09,1.904000302137892,Bajo
5088,BELLO,Dengue,2021-12-13,1.7145840500920007,Bajo
5091,BETANIA,Dengue,2021-10-11,1.1847610710021201,Bajo
5093,BETULIA,Dengue,2021-11-08,1.2456109004405258,Bajo
5107,BRICEÑO,Dengue,2021-11-15,1.6987034963930427,Bajo
5120,CÁCERES,Dengue,2021-12-20,1.6481926468432508,Bajo
5120,CÁCERES,Malaria,2021-12-20,2.08111938977522,Bajo
5129,CALDAS,Dengue,2021-09-27,1.4409032495568308,Bajo
5147,CAREPA,Dengue,2021-12-13,1.846140890767301,Bajo
5147,CAREPA,Malaria,2021-12-13,2.8548488820237483,Bajo
5154,CAUCASIA,Dengue,2021-12-27,3.433027533890943,Bajo
5154,CAUCASIA,Malaria,2021-12-27,1.4497207384289168,Bajo
5172,CHIGORODÓ,Dengue,2021-12-27,1.8711687927113347,Bajo
5172,CHIGORODÓ,Malaria,2021-12-27,1.8829428227492713,Bajo
5190,CISNEROS,Dengue,2021-11-15,1.3495125453482393,Bajo
5197,COCORNÁ,Dengue,2021-11-15,1.3433988886926387,Bajo
5206,CONCEPCIÓN,Dengue,2021-06-21,1.2557094928979669,Bajo
5209,CONCORDIA,Dengue,2021-12-06,1.476484439371737,Bajo
5212,COPACABANA,Dengue,2021-12-27,1.5021402371668602,Bajo
5234,DABEIBA,Dengue,2021-10-25,1.4580216832851134,Bajo
5234,DABEIBA,Malaria,2021-12-13,2.2322321326701595,Bajo
5250,EL BAGRE,Dengue,2021-12-13,1.6354731687149,Bajo
5250,EL BAGRE,Malaria,2021-12-27,10.041880475969775,Medio
5266,ENVIGADO,Dengue,2021-09-27,1.4764116533122116,Bajo
5284,FRONTINO,Malaria,2021-12-27,2.665774821001233,Bajo
5308,GIRARDOTA,Dengue,2021-08-30,1.2020120056997765,Bajo
5313,GRANADA,Dengue,2021-12-27,1.6030184980039541,Bajo
5313,GRANADA,Malaria,2021-12-13,1.1710832722753262,Bajo
5315,GUADALUPE,Dengue,2021-12-27,1.4977734210037994,Bajo
5360,ITAGÜÍ,Dengue,2021-12-13,1.4413395532025972,Bajo
5361,ITUANGO,Malaria,2021-11-01,1.23825164655987,Bajo
5364,JARDÍN,Dengue,2021-10-04,1.21926472857893,Bajo
5380,LA ESTRELLA,Dengue,2021-10-25,1.3555723780945073,Bajo
5390,LA PINTADA,Dengue,2021-12-06,1.4127633104512283,Bajo
5400,LA UNIÓN,Dengue,2021-12-20,1.7727926568007937,Bajo
5400,LA UNIÓN,Malaria,2021-09-06,1.160945745902104,Bajo
5411,LIBORINA,Dengue,2021-08-30,1.3506478642735757,Bajo
5425,MACEO,Dengue,2021-04-12,1.7837526973337425,Bajo
5475,MURINDÓ,Malaria,2021-12-27,6.619982936159621,Bajo
5480,MUTATÁ,Dengue,2021-12-20,1.341130363308387,Bajo
5480,MUTATÁ,Malaria,2021-12-27,3.30318946318181,Bajo
5483,NARIÑO,Dengue,2021-12-06,1.3999951340706032,Bajo
5483,NARIÑO,Malaria,2021-12-27,1.5391633014274655,Bajo
5490,NECOCLÍ,Dengue,2021-12-27,2.4671114153651534,Bajo
5490,NECOCLÍ,Malaria,2021-12-27,1.8259944326728084,Bajo
5495,NECHÍ,Dengue,2021-12-13,2.031979433748884,Bajo
5495,NECHÍ,Malaria,2021-12-20,2.78447419021576,Bajo
5579,PUERTO BERRÍO,Dengue,2021-12-27,2.0585928613121425,Bajo
5579,PUERTO BERRÍO,Malaria,2021-12-06,1.233744195216742,Bajo
5585,PUERTO NARE,Dengue,2021-10-04,1.3304591009465376,Bajo
5591,PUERTO TRIUNFO,Dengue,2021-12-27,2.1850516494871575,Bajo
5604,REMEDIOS,Dengue,2021-12-20,1.399240383542411,Bajo
5604,REMEDIOS,Malaria,2021-12-20,1.8237785240946156,Bajo
5615,RIONEGRO,Dengue,2021-12-27,1.653195967328167,Bajo
5628,SABANALARGA,Dengue,2021-12-27,5.402801353591025,Bajo
5631,SABANETA,Dengue,2021-11-15,1.314651153548676,Bajo
5642,SALGAR,Dengue,2021-10-11,1.1921727630163534,Bajo
5649,SAN CARLOS,Dengue,2021-12-27,1.3588138397473655,Bajo
5649,SAN CARLOS,Malaria,2021-12-13,1.324336879977011,Bajo
5652,SAN FRANCISCO,Dengue,2021-03-15,1.5831377861461373,Bajo
5659,SAN JUAN DE URABÁ,Dengue,2021-11-15,1.4758051986042995,Bajo
5659,SAN JUAN DE URABÁ,Malaria,2021-12-06,2.121242898796061,Bajo
5660,SAN LUIS,Dengue,2021-11-01,1.454424310819018,Bajo
5665,SAN PEDRO DE URABÁ,Dengue,2021-12-27,1.4894558420101767,Bajo
5665,SAN PEDRO DE URABÁ,Malaria,2021-12-27,2.743759307412929,Bajo
5667,SAN RAFAEL,Dengue,2021-07-12,1.2345818976624452,Bajo
5679,SANTA BÁRBARA,Dengue,2021-12-13,1.2406829243215478,Bajo
5679,SANTA BÁRBARA,Malaria,2021-12-20,6.4743447742553295,Bajo
5690,SANTO DOMINGO,Dengue,2021-06-14,1.2717639668279688,Bajo
5736,SEGOVIA,Dengue,2021-11-15,1.606893182388077,Bajo
5736,SEGOVIA,Malaria,2021-12-27,2.3183010845649514,Bajo
5756,SONSÓN,Dengue,2021-04-05,1.7934298173180512,Bajo
5790,TARAZÁ,Dengue,2021-12-20,1.4585312529919308,Bajo
5790,TARAZÁ,Malaria,2021-11-29,1.6018655181695038,Bajo
5792,TARSO,Dengue,2021-06-28,1.5275202062470923,Bajo
5819,TOLEDO,Dengue,2021-12-13,1.3080536287125226,Bajo
5837,TURBO,Dengue,2021-12-27,3.2293916312617297,Bajo
5837,TURBO,Malaria,2021-12-27,5.902555994003513,Bajo
5847,URRAO,Malaria,2021-12-27,3.7240438071207285,Bajo
5854,VALDIVIA,Dengue,2021-12-06,1.4378661808333684,Bajo
5854,VALDIVIA,Malaria,2021-09-27,1.1982961508123613,Bajo
5856,VALPARAÍSO,Dengue,2021-07-12,1.2184501214714363,Bajo
5858,VEGACHÍ,Dengue,2021-08-23,2.5299419055338426,Bajo
5873,VIGÍA DEL FUERTE,Dengue,2021-12-06,1.2612733106788072,Bajo
5873,VIGÍA DEL FUERTE,Malaria,2021-12-27,15.025918073160181,Medio
5890,YOLOMBÓ,Dengue,2021-12-20,1.36027274007394,Bajo
5893,YONDÓ,Dengue,2021-12-20,1.3274870832035806,Bajo
5893,YONDÓ,Malaria,2021-12-27,1.2795761175842775,Bajo
5895,ZARAGOZA,Dengue,2021-10-18,1.4840182491178764,Bajo
5895,ZARAGOZA,Malaria,2021-12-27,8.35374207079872,Medio
8001,BARRANQUILLA,Dengue,2021-12-27,231.55623822928698,Alto
8001,BARRANQUILLA,Malaria,2021-08-09,1.1542201001879233,Bajo
8078,BARANOA,Dengue,2021-12-27,4.789346059274174,Bajo
8137,CAMPO DE LA CRUZ,Dengue,2021-12-27,1.6486140972147756,Bajo
8141,CANDELARIA,Dengue,2021-12-27,1.6134881416819975,Bajo
8296,GALAPA,Dengue,2021-12-27,9.593900639143262,Medio
8372,JUAN DE ACOSTA,Dengue,2021-12-20,2.293326510506779,Bajo
8421,LURUACO,Dengue,2021-12-27,2.1292393990202982,Bajo
8433,MALAMBO,Dengue,2021-12-27,9.769677561383471,Medio
8436,MANATÍ,Dengue,2021-12-27,2.020884938401427,Bajo
8520,PALMAR DE VARELA,Dengue,2021-12-13,1.3001286234857923,Bajo
8549,PIOJÓ,Dengue,2021-11-29,1.4649015235570504,Bajo
8560,PONEDERA,Dengue,2021-12-27,1.4239391229965084,Bajo
8573,PUERTO COLOMBIA,Dengue,2021-12-27,9.866992587135332,Medio
8573,PUERTO COLOMBIA,Malaria,2021-10-04,1.2293707757961214,Bajo
8606,REPELÓN,Dengue,2021-12-20,1.3623327077937581,Bajo
8634,SABANAGRANDE,Dengue,2021-12-27,1.3122213577378874,Bajo
8675,SANTA LUCÍA,Dengue,2021-12-27,1.2876611355799659,Bajo
8685,SANTO TOMÁS,Dengue,2021-12-27,1.3846715466377555,Bajo
8758,SOLEDAD,Dengue,2021-12-27,95.32308834825133,Alto
8770,SUAN,Dengue,2021-12-20,1.2880806406174035,Bajo
8832,TUBARÁ,Dengue,2021-12-20,1.440223335886631,Bajo
8849,USIACURÍ,Dengue,2021-12-06,1.8988426454052671,Bajo
13001,CARTAGENA DE INDIAS,Dengue,2021-12-27,220.21785111738149,Alto
13001,CARTAGENA DE INDIAS,Malaria,2021-12-06,1.2271596617820095,Bajo
13006,ACHÍ,Dengue,2021-12-06,1.3712756684618408,Bajo
13006,ACHÍ,Malaria,2021-12-27,1.1489775522742542,Bajo
13030,ALTOS DEL ROSARIO,Dengue,2021-11-01,5.081334580294078,Bajo
13030,ALTOS DEL ROSARIO,Malaria,2021-12-20,1.2206882408026773,Bajo
13042,ARENAL,Dengue,2021-11-29,1.3906997928370948,Bajo
13042,ARENAL,Malaria,2021-12-27,2.0421083724039586,Bajo
13052,ARJONA,Dengue,2021-12-27,5.542573817905771,Bajo
13062,ARROYOHONDO,Dengue,2021-10-25,1.2146022237035825,Bajo
13074,BARRANCO DE LOBA,Dengue,2021-12-27,1.6410098305178225,Bajo
13074,BARRANCO DE LOBA,Malaria,2021-08-30,1.1342241978000933,Bajo
13140,CALAMAR,Dengue,2021-12-20,1.3094892283681467,Bajo
13140,CALAMAR,Malaria,2021-12-20,2.9163407025216252,Bajo
13160,CANTAGALLO,Dengue,2021-02-22,1.3190044789790853,Bajo
13160,CANTAGALLO,Malaria,2021-11-22,1.341549870162075,Bajo
13188,CICUCO,Dengue,2021-12-20,1.4182021194976637,Bajo
13212,CÓRDOBA,Dengue,2021-12-13,1.6602828190088506,Bajo
13212,CÓRDOBA,Malaria,2021-03-15,1.5241557193093995,Bajo
13222,CLEMENCIA,Dengue,2021-12-20,1.447863198272672,Bajo
13244,EL CARMEN DE BOLÍVAR,Dengue,2021-12-27,5.278856997752643,Bajo
13244,EL CARMEN DE BOLÍVAR,Malaria,2021-11-01,1.2594513314001854,Bajo
13248,EL GUAMO,Dengue,2021-12-27,1.3425080020835605,Bajo
13268,EL PEÑÓN,Dengue,2021-06-21,1.3859611544991748,Bajo
13300,HATILLO DE LOBA,Dengue,2021-12-13,1.2923513028196236,Bajo
13430,MAGANGUÉ,Dengue,2021-12-27,8.32559398109159,Medio
13430,MAGANGUÉ,Malaria,2021-11-08,1.2449097920277206,Bajo
13433,MAHATES,Dengue,2021-12-06,2.507601408160295,Bajo
13440,MARGARITA,Dengue,2021-11-08,1.987210644778548,Bajo
13442,MARÍA LA BAJA,Dengue,2021-12-27,3.541325450711068,Bajo
13458,MONTECRISTO,Dengue,2021-12-13,1.3627466766421543,Bajo
13458,MONTECRISTO,Malaria,2021-12-27,3.7669875970860707,Bajo
13468,SANTA CRUZ DE MOMPOX,Dengue,2021-12-20,4.346286164238558,Bajo
13473,MORALES,Dengue,2021-11-15,1.4355085999186366,Bajo
13473,MORALES,Malaria,2021-12-27,1.3058633830732704,Bajo
13490,NOROSÍ,Dengue,2021-12-27,1.3398482838475165,Bajo
13490,NOROSÍ,Malaria,2021-12-27,2.05558151682817,Bajo
13549,PINILLOS,Dengue,2021-11-29,1.6935486409453464,Bajo
13549,PINILLOS,Malaria,2021-11-29,1.1474524761184703,Bajo
13580,REGIDOR,Dengue,2021-12-20,1.3030892541154118,Bajo
13600,RÍO VIEJO,Dengue,2021-10-25,2.134281386269954,Bajo
13600,RÍO VIEJO,Malaria,2021-12-20,2.3255618020675013,Bajo
13620,SAN CRISTÓBAL,Dengue,2021-12-20,1.5721306985907662,Bajo
13647,SAN ESTANISLAO,Dengue,2021-12-27,1.4473421459438454,Bajo
13650,SAN FERNANDO,Dengue,2021-12-06,1.3275530210239364,Bajo
13654,SAN JACINTO,Dengue,2021-11-15,1.8097643515419226,Bajo
13655,SAN JACINTO DEL CAUCA,Dengue,2021-12-20,1.3014561275649221,Bajo
13655,SAN JACINTO DEL CAUCA,Malaria,2021-06-07,1.4293567026749523,Bajo
13657,SAN JUAN NEPOMUCENO,Dengue,2021-12-27,3.952841715520216,Bajo
13667,SAN MARTÍN DE LOBA,Dengue,2021-12-13,1.7322806603375462,Bajo
13670,SAN PABLO,Dengue,2021-10-25,1.574936694033724,Bajo
13670,SAN PABLO,Malaria,2021-12-20,3.0742131973665394,Bajo
13673,SANTA CATALINA,Dengue,2021-11-08,1.3835154153710811,Bajo
13683,SANTA ROSA,Dengue,2021-12-20,2.6897957955524165,Bajo
13683,SANTA ROSA,Malaria,2021-12-06,1.1616442494633228,Bajo
13688,SANTA ROSA DEL SUR,Dengue,2021-12-27,1.6262105541387726,Bajo
13688,SANTA ROSA DEL SUR,Malaria,2021-12-27,1.5333782314739848,Bajo
13744,SIMITÍ,Dengue,2021-12-20,1.4891054800493837,Bajo
13744,SIMITÍ,Malaria,2021-12-27,3.635360537201418,Bajo
13760,SOPLAVIENTO,Dengue,2021-12-20,1.2761944167068608,Bajo
13810,TIQUISIO,Dengue,2021-12-06,2.0701246631600756,Bajo
13810,TIQUISIO,Malaria,2021-12-27,1.8054434494148968,Bajo
13836,TURBACO,Dengue,2021-12-27,5.777595273738602,Bajo
13838,TURBANÁ,Dengue,2021-12-20,1.533607995883885,Bajo
13873,VILLANUEVA,Dengue,2021-12-27,2.091353932620613,Bajo
13894,ZAMBRANO,Dengue,2021-12-27,1.414273767590318,Bajo
15109,BUENAVISTA,Dengue,2021-10-11,1.4722215387565178,Bajo
15109,BUENAVISTA,Malaria,2021-11-15,1.1178574253163478,Bajo
15185,CHITARAQUE,Dengue,2021-11-29,2.2150129235526403,Bajo
15223,CUBARÁ,Dengue,2021-12-13,1.495996766940205,Bajo
15377,LABRANZAGRANDE,Dengue,2021-12-27,1.6097302198141947,Bajo
15401,LA VICTORIA,Dengue,2021-12-27,1.3126784972554346,Bajo
15442,MARIPÍ,Dengue,2021-12-06,1.4240650434317788,Bajo
15455,MIRAFLORES,Dengue,2021-07-19,1.3164361603316324,Bajo
15455,MIRAFLORES,Malaria,2021-12-20,1.508004102805129,Bajo
15469,MONIQUIRÁ,Dengue,2021-08-30,1.7338916293941806,Bajo
15480,MUZO,Dengue,2021-12-20,1.4714793331017733,Bajo
15507,OTANCHE,Dengue,2021-11-08,1.712425003985722,Bajo
15514,PÁEZ,Dengue,2021-11-29,1.1415149042031754,Bajo
15531,PAUNA,Dengue,2021-12-27,2.0168953156397764,Bajo
15572,PUERTO BOYACÁ,Dengue,2021-12-06,1.6101688784385502,Bajo
15580,QUÍPAMA,Dengue,2021-12-13,1.2310644096927357,Bajo
15690,SANTA MARÍA,Dengue,2021-09-13,1.371526039971593,Bajo
17001,MANIZALES,Dengue,2021-11-08,1.2012531023629793,Bajo
17174,CHINCHINÁ,Dengue,2021-08-02,1.3622928375011658,Bajo
17380,LA DORADA,Dengue,2021-12-20,1.5652470202506152,Bajo
17442,MARMATO,Dengue,2021-12-13,1.2579377317667122,Bajo
17495,NORCASIA,Dengue,2021-01-04,1.663613583486177,Bajo
17524,PALESTINA,Dengue,2021-10-25,1.2341850157338374,Bajo
17614,RIOSUCIO,Dengue,2021-11-01,1.608952072092253,Bajo
17614,RIOSUCIO,Malaria,2021-12-27,4.611149372937218,Bajo
17653,SALAMINA,Dengue,2021-07-26,1.214445921485177,Bajo
17662,SAMANÁ,Dengue,2021-08-30,1.4494822222853134,Bajo
17777,SUPÍA,Dengue,2021-11-29,1.1892004506057314,Bajo
17867,VICTORIA,Dengue,2021-02-15,1.4457166716385026,Bajo
17877,VITERBO,Dengue,2021-12-20,1.428617353143002,Bajo
18001,FLORENCIA,Dengue,2021-12-27,3.5643227123827037,Bajo
18001,FLORENCIA,Malaria,2021-06-07,1.3259510891505855,Bajo
18029,ALBANIA,Dengue,2021-05-17,1.668326898862178,Bajo
18094,BELÉN DE LOS ANDAQUÍES,Dengue,2021-01-25,1.9498484061642052,Bajo
18150,CARTAGENA DEL CHAIRÁ,Dengue,2021-12-27,1.658356257480727,Bajo
18150,CARTAGENA DEL CHAIRÁ,Malaria,2021-12-20,2.053401024005749,Bajo
18205,CURILLO,Dengue,2021-12-13,1.8301042320629368,Bajo
18247,EL DONCELLO,Dengue,2021-12-13,1.371699847243152,Bajo
18256,EL PAUJÍL,Dengue,2021-09-27,1.2757307335907173,Bajo
18410,LA MONTAÑITA,Dengue,2021-12-06,1.5767655351458116,Bajo
18460,MILÁN,Dengue,2021-05-17,1.3834554360632234,Bajo
18592,PUERTO RICO,Dengue,2021-12-27,2.1780446389677195,Bajo
18592,PUERTO RICO,Malaria,2021-12-06,1.4466404500447014,Bajo
18610,SAN JOSÉ DEL FRAGUA,Dengue,2021-12-27,1.5480708760016397,Bajo
18753,SAN VICENTE DEL CAGUÁN,Dengue,2021-12-27,1.666467417643719,Bajo
18756,SOLANO,Dengue,2021-12-27,1.273404576472573,Bajo
18756,SOLANO,Malaria,2021-12-27,5.05765520701899,Bajo
19001,POPAYÁN,Dengue,2021-12-27,1.4143616876776557,Bajo
19075,BALBOA,Dengue,2021-11-08,1.4412872606964902,Bajo
19100,BOLÍVAR,Dengue,2021-10-25,2.057390912074772,Bajo
19100,BOLÍVAR,Malaria,2021-12-27,1.4150206614740908,Bajo
19110,BUENOS AIRES,Dengue,2021-12-27,1.480042544175813,Bajo
19130,CAJIBÍO,Dengue,2021-07-12,1.2912780802412436,Bajo
19137,CALDONO,Dengue,2021-12-20,1.3192994643988047,Bajo
19142,CALOTO,Dengue,2021-12-13,1.26549583365987,Bajo
19212,CORINTO,Dengue,2021-12-13,1.4849810502050773,Bajo
19300,GUACHENÉ,Dengue,2021-05-17,1.4301725059086432,Bajo
19318,GUAPI,Dengue,2021-12-20,2.0856559638787386,Bajo
19318,GUAPI,Malaria,2021-12-27,18.794029862299904,Medio
19397,LA VEGA,Dengue,2021-10-04,1.3287006310560812,Bajo
19418,LÓPEZ DE MICAY,Dengue,2021-12-06,1.4594087674288492,Bajo
19418,LÓPEZ DE MICAY,Malaria,2021-12-20,1.5181958475151398,Bajo
19450,MERCADERES,Dengue,2021-12-27,1.756304704669848,Bajo
19455,MIRANDA,Dengue,2021-11-29,1.3884025489696734,Bajo
19513,PADILLA,Dengue,2021-05-17,1.934097344513285,Bajo
19532,PATÍA,Dengue,2021-11-15,1.9333234455393522,Bajo
19532,PATÍA,Malaria,2021-12-27,1.2660514720920064,Bajo
19533,PIAMONTE,Dengue,2021-12-20,1.6462889810578414,Bajo
19573,PUERTO TEJADA,Dengue,2021-11-08,1.4022499216898585,Bajo
19573,PUERTO TEJADA,Malaria,2021-07-26,1.2286151646359595,Bajo
19698,SANTANDER DE QUILICHAO,Dengue,2021-12-27,2.289784089826434,Bajo
19780,SUÁREZ,Dengue,2021-11-22,1.5167842717993514,Bajo
19785,SUCRE,Dengue,2021-11-22,1.4294123209546385,Bajo
19785,SUCRE,Malaria,2021-07-05,1.279973697270878,Bajo
19807,TIMBÍO,Dengue,2021-06-28,1.3658448049070064,Bajo
19809,TIMBIQUÍ,Dengue,2021-12-27,1.2801639919051375,Bajo
19809,TIMBIQUÍ,Malaria,2021-12-27,6.645390633849883,Bajo
20001,VALLEDUPAR,Dengue,2021-12-27,9.093124522920137,Medio
20001,VALLEDUPAR,Malaria,2021-03-29,1.1368927735982957,Bajo
20011,AGUACHICA,Dengue,2021-12-27,7.397707380098662,Bajo
20011,AGUACHICA,Malaria,2021-12-27,1.1057959096202818,Bajo
20013,AGUSTÍN CODAZZI,Dengue,2021-12-27,2.0197596474718544,Bajo
20032,ASTREA,Dengue,2021-12-27,1.488892893948924,Bajo
20045,BECERRIL,Dengue,2021-12-27,2.21423178802188,Bajo
20060,BOSCONIA,Dengue,2021-12-27,5.125048275338051,Bajo
20175,CHIMICHAGUA,Dengue,2021-12-13,1.6611994838369881,Bajo
20178,CHIRIGUANÁ,Dengue,2021-12-27,1.470434809866704,Bajo
20228,CURUMANÍ,Dengue,2021-12-27,5.052103936166849,Bajo
20228,CURUMANÍ,Malaria,2021-05-17,1.4084874197051915,Bajo
20238,EL COPEY,Dengue,2021-10-25,1.5767523901925657,Bajo
20250,EL PASO,Dengue,2021-12-20,1.520300083757741,Bajo
20295,GAMARRA,Dengue,2021-11-22,1.4199618514431727,Bajo
20383,LA GLORIA,Dengue,2021-12-06,1.4466098480794392,Bajo
20400,LA JAGUA DE IBIRICO,Dengue,2021-12-20,2.7982337114206093,Bajo
20443,MANAURE BALCÓN DEL CESAR,Dengue,2021-10-25,1.3861629962834146,Bajo
20517,PAILITAS,Dengue,2021-12-27,1.9510490393332889,Bajo
20517,PAILITAS,Malaria,2021-10-18,1.1557053555629273,Bajo
20550,PELAYA,Dengue,2021-12-27,3.484221639609812,Bajo
20570,PUEBLO BELLO,Dengue,2021-12-20,1.5534857334172614,Bajo
20614,RÍO DE ORO,Dengue,2021-12-20,1.4292712274385782,Bajo
20710,SAN ALBERTO,Dengue,2021-12-27,2.755701807783602,Bajo
20750,SAN DIEGO,Dengue,2021-12-20,6.0236931672944305,Bajo
20770,SAN MARTÍN,Dengue,2021-12-27,4.2387042416139336,Bajo
20787,TAMALAMEQUE,Dengue,2021-11-22,1.3225604303735246,Bajo
23001,MONTERÍA,Dengue,2021-12-27,66.95459137385687,Alto
23001,MONTERÍA,Malaria,2021-12-27,7.484755525828298,Bajo
23068,AYAPEL,Dengue,2021-12-27,1.4056849727766196,Bajo
23068,AYAPEL,Malaria,2021-12-20,1.4162205316600303,Bajo
23090,CANALETE,Dengue,2021-12-13,1.383573010410998,Bajo
23090,CANALETE,Malaria,2021-08-23,1.5213809793285158,Bajo
23162,CERETÉ,Dengue,2021-12-27,3.301395342437096,Bajo
23162,CERETÉ,Malaria,2021-12-06,1.326662300169168,Bajo
23168,CHIMÁ,Dengue,2021-12-13,1.3613379777369747,Bajo
23182,CHINÚ,Dengue,2021-12-27,4.577861886521562,Bajo
23182,CHINÚ,Malaria,2021-11-29,1.2048793834105291,Bajo
23189,CIÉNAGA DE ORO,Dengue,2021-12-27,2.381708769039308,Bajo
23189,CIÉNAGA DE ORO,Malaria,2021-11-22,1.1427208123963593,Bajo
23300,COTORRA,Dengue,2021-10-11,1.5272276786525865,Bajo
23350,LA APARTADA,Dengue,2021-12-06,1.3953465765769724,Bajo
23350,LA APARTADA,Malaria,2021-11-22,1.1663293605979668,Bajo
23417,LORICA,Dengue,2021-12-27,1.9825414467446798,Bajo
23417,LORICA,Malaria,2021-12-06,1.461385533211074,Bajo
23419,LOS CÓRDOBAS,Dengue,2021-12-27,1.4234524028125528,Bajo
23419,LOS CÓRDOBAS,Malaria,2021-12-27,2.0176349311768735,Bajo
23464,MOMIL,Dengue,2021-04-26,1.442428673211519,Bajo
23464,MOMIL,Malaria,2021-12-13,1.1821166345254088,Bajo
23466,MONTELÍBANO,Dengue,2021-12-27,1.6667526570474478,Bajo
23466,MONTELÍBANO,Malaria,2021-12-27,7.957319454841315,Bajo
23500,MOÑITOS,Dengue,2021-12-20,1.8861033852883802,Bajo
23500,MOÑITOS,Malaria,2021-12-27,1.2550009436066283,Bajo
23555,PLANETA RICA,Dengue,2021-12-27,1.9246656375288786,Bajo
23555,PLANETA RICA,Malaria,2021-12-27,1.9110010687643055,Bajo
23570,PUEBLO NUEVO,Dengue,2021-12-27,3.141490391243577,Bajo
23570,PUEBLO NUEVO,Malaria,2021-11-29,1.175662511570247,Bajo
23574,PUERTO ESCONDIDO,Dengue,2021-12-20,1.5380676896252399,Bajo
23574,PUERTO ESCONDIDO,Malaria,2021-11-29,1.3160728213961157,Bajo
23580,PUERTO LIBERTADOR,Dengue,2021-12-27,1.5658627819338022,Bajo
23580,PUERTO LIBERTADOR,Malaria,2021-12-27,18.709151764774024,Medio
23660,SAHAGÚN,Dengue,2021-12-27,2.4845171597434494,Bajo
23660,SAHAGÚN,Malaria,2021-11-22,1.1419393362034254,Bajo
23672,SAN ANTERO,Dengue,2021-12-20,1.6257054741965216,Bajo
23672,SAN ANTERO,Malaria,2021-12-06,1.3275121163885535,Bajo
23675,SAN BERNARDO DEL VIENTO,Dengue,2021-12-20,1.4749012865245548,Bajo
23675,SAN BERNARDO DEL VIENTO,Malaria,2021-11-29,1.4004138988829227,Bajo
23682,SAN JOSÉ DE URÉ,Dengue,2021-10-04,1.429913010781338,Bajo
23682,SAN JOSÉ DE URÉ,Malaria,2021-12-13,1.5644176859755392,Bajo
23686,SAN PELAYO,Dengue,2021-12-20,1.4975731688558218,Bajo
23686,SAN PELAYO,Malaria,2021-11-15,1.1344128876692081,Bajo
23807,TIERRALTA,Dengue,2021-12-27,2.698114359697603,Bajo
23807,TIERRALTA,Malaria,2021-12-27,60.70997253695048,Alto
23815,TUCHÍN,Dengue,2021-12-13,1.5226888466499728,Bajo
23815,TUCHÍN,Malaria,2021-12-13,3.1140014719354756,Bajo
23855,VALENCIA,Dengue,2021-12-27,6.697727454305128,Bajo
23855,VALENCIA,Malaria,2021-12-27,21.477498826267887,Alto
25001,AGUA DE DIOS,Dengue,2021-12-27,1.5351612105774612,Bajo
25035,ANAPOIMA,Dengue,2021-10-18,1.5726127831562944,Bajo
25040,ANOLAIMA,Dengue,2021-09-20,1.5132856348479629,Bajo
25123,CACHIPAY,Dengue,2021-10-18,1.3407155278101266,Bajo
25148,CAPARRAPÍ,Dengue,2021-10-11,1.4713885426820217,Bajo
25151,CÁQUEZA,Dengue,2021-04-19,1.368010948089164,Bajo
25168,CHAGUANÍ,Dengue,2021-06-07,2.1354060063481204,Bajo
25175,CHÍA,Dengue,2021-08-09,1.195479049941154,Bajo
25245,EL COLEGIO,Dengue,2021-12-20,1.4948233625249299,Bajo
25290,FUSAGASUGÁ,Dengue,2021-12-27,1.4865561717544784,Bajo
25307,GIRARDOT,Dengue,2021-12-27,2.2336195484482606,Bajo
25320,GUADUAS,Dengue,2021-11-22,1.564730888218965,Bajo
25386,LA MESA,Dengue,2021-11-29,1.5323428691427674,Bajo
25394,LA PALMA,Dengue,2021-10-18,1.3356715912728414,Bajo
25398,LA PEÑA,Dengue,2021-09-06,1.3413434510023112,Bajo
25438,MEDINA,Dengue,2021-08-16,1.5789871184490378,Bajo
25473,MOSQUERA,Dengue,2021-12-06,1.603268062143997,Bajo
25473,MOSQUERA,Malaria,2021-12-27,15.943326768379947,Medio
25488,NILO,Dengue,2021-12-27,2.564852373342654,Bajo
25524,PANDI,Dengue,2021-11-15,1.3811939825300001,Bajo
25530,PARATEBUENO,Dengue,2021-11-29,1.354680985838697,Bajo
25572,PUERTO SALGAR,Dengue,2021-12-13,1.5754461211033455,Bajo
25592,QUEBRADANEGRA,Dengue,2021-12-06,1.158156953387341,Bajo
25596,QUIPILE,Dengue,2021-12-06,1.498862567978835,Bajo
25612,RICAURTE,Dengue,2021-11-29,1.6731825220529033,Bajo
25612,RICAURTE,Malaria,2021-07-05,1.2891717161004923,Bajo
25653,SAN CAYETANO,Dengue,2021-12-27,1.7505552307280459,Bajo
25718,SASAIMA,Dengue,2021-04-12,1.36669382382058,Bajo
25797,TENA,Dengue,2021-09-06,1.3678378509472675,Bajo
25805,TIBACUY,Dengue,2021-12-13,1.1940409385844708,Bajo
25815,TOCAIMA,Dengue,2021-12-13,1.5401839620311408,Bajo
25839,UBALÁ,Dengue,2021-07-19,1.8209401620290233,Bajo
25851,ÚTICA,Dengue,2021-04-26,1.2107835387202308,Bajo
25875,VILLETA,Dengue,2021-12-27,2.5636912981463724,Bajo
25878,VIOTÁ,Dengue,2021-12-13,1.5387797508024925,Bajo
25885,YACOPÍ,Dengue,2021-12-20,1.3954248735385342,Bajo
27001,QUIBDÓ,Dengue,2021-12-27,2.4896627760739385,Bajo
27001,QUIBDÓ,Malaria,2021-12-27,117.73905366933064,Alto
27006,ACANDÍ,Dengue,2021-12-27,1.8633775703385118,Bajo
27006,ACANDÍ,Malaria,2021-12-27,2.681204697362828,Bajo
27025,ALTO BAUDÓ,Dengue,2021-12-27,1.2811100754926708,Bajo
27025,ALTO BAUDÓ,Malaria,2021-12-27,53.017498389905136,Alto
27050,ATRATO,Dengue,2021-07-05,1.2943421879453538,Bajo
27050,ATRATO,Malaria,2021-12-27,11.931574313813641,Medio
27073,BAGADÓ,Malaria,2021-12-27,20.791671120806317,Medio
27075,BAHÍA SOLANO,Dengue,2021-07-12,1.3752482009103808,Bajo
27075,BAHÍA SOLANO,Malaria,2021-12-20,2.680823486698547,Bajo
27077,BAJO BAUDÓ,Dengue,2021-11-01,1.3841806973999438,Bajo
27077,BAJO BAUDÓ,Malaria,2021-12-27,27.690836175461257,Alto
27099,BOJAYÁ,Dengue,2021-10-25,1.3445303165378362,Bajo
27099,BOJAYÁ,Malaria,2021-12-27,11.112323912975526,Medio
27150,CARMEN DEL DARIÉN,Dengue,2021-12-20,1.2670295971376886,Bajo
27150,CARMEN DEL DARIÉN,Malaria,2021-12-27,4.797404234822929,Bajo
27160,CÉRTEGUI,Dengue,2021-12-27,1.3221719623270936,Bajo
27160,CÉRTEGUI,Malaria,2021-12-27,4.385192246046832,Bajo
27205,CONDOTO,Dengue,2021-11-15,1.3866965388454098,Bajo
27205,CONDOTO,Malaria,2021-12-20,1.5425851047217,Bajo
27245,EL CARMEN DE ATRATO,Malaria,2021-12-27,1.5861734756001096,Bajo
27361,ISTMINA,Dengue,2021-12-13,2.1296296343807994,Bajo
27361,ISTMINA,Malaria,2021-12-27,6.067831980059007,Bajo
27372,JURADÓ,Dengue,2021-12-27,1.5165334890707314,Bajo
27372,JURADÓ,Malaria,2021-12-20,1.4003438508497648,Bajo
27413,LLORÓ,Malaria,2021-12-27,22.727212461172947,Alto
27425,MEDIO ATRATO,Dengue,2021-07-26,1.2199983009464104,Bajo
27425,MEDIO ATRATO,Malaria,2021-12-27,6.107802587138648,Bajo
27430,MEDIO BAUDÓ,Dengue,2021-11-08,1.5503148053311158,Bajo
27430,MEDIO BAUDÓ,Malaria,2021-12-27,16.8461646752515,Medio
27450,MEDIO SAN JUAN,Dengue,2021-12-20,1.2743346433219171,Bajo
27450,MEDIO SAN JUAN,Malaria,2021-12-27,4.174275329977905,Bajo
27491,NÓVITA,Dengue,2021-11-01,1.2557688210967926,Bajo
27491,NÓVITA,Malaria,2021-12-13,4.005646300159559,Bajo
27495,NUQUÍ,Malaria,2021-12-20,11.556841404748926,Medio
27580,RÍO IRÓ,Dengue,2021-11-08,1.2998188086255227,Bajo
27580,RÍO IRÓ,Malaria,2021-11-29,1.4648280681808865,Bajo
27660,SAN JOSÉ DEL PALMAR,Dengue,2021-12-13,1.2173317556490355,Bajo
27660,SAN JOSÉ DEL PALMAR,Malaria,2021-12-13,2.946476223299634,Bajo
27745,SIPÍ,Dengue,2021-11-15,2.2262799898442855,Bajo
27745,SIPÍ,Malaria,2021-11-29,1.4762251105511481,Bajo
27787,TADÓ,Dengue,2021-12-06,1.2471336181061905,Bajo
27787,TADÓ,Malaria,2021-12-27,34.66017678191672,Alto
27800,UNGUÍA,Dengue,2021-11-08,1.2949870524187017,Bajo
27800,UNGUÍA,Malaria,2021-12-27,2.3803290059077016,Bajo
27810,UNIÓN PANAMERICANA,Dengue,2021-12-27,1.362381436559041,Bajo
27810,UNIÓN PANAMERICANA,Malaria,2021-12-27,2.5137019241119263,Bajo
41001,NEIVA,Dengue,2021-12-27,13.775538510365152,Medio
41006,ACEVEDO,Dengue,2021-12-27,1.3291298226207995,Bajo
41013,AGRADO,Dengue,2021-08-30,1.4128566270616671,Bajo
41016,AIPE,Dengue,2021-12-27,1.5392362563413005,Bajo
41020,ALGECIRAS,Dengue,2021-12-27,1.5289213882082775,Bajo
41026,ALTAMIRA,Dengue,2021-12-20,1.2845632015147643,Bajo
41078,BARAYA,Dengue,2021-04-05,6.698316830934269,Bajo
41132,CAMPOALEGRE,Dengue,2021-12-27,1.8119530684391068,Bajo
41244,ELÍAS,Dengue,2021-12-20,1.344581945685905,Bajo
41298,GARZÓN,Dengue,2021-12-27,1.9169104932679035,Bajo
41306,GIGANTE,Dengue,2021-12-20,1.4739588762821727,Bajo
41349,HOBO,Dengue,2021-11-22,1.6057704157915347,Bajo
41357,ÍQUIRA,Dengue,2021-09-27,1.7706902937784488,Bajo
41359,ISNOS,Dengue,2021-11-22,1.3598905755266344,Bajo
41396,LA PLATA,Dengue,2021-12-27,1.6498275768139048,Bajo
41503,OPORAPA,Dengue,2021-12-20,1.2763952368448557,Bajo
41518,PAICOL,Dengue,2021-11-08,2.663029730886531,Bajo
41524,PALERMO,Dengue,2021-12-06,1.5763194211102598,Bajo
41548,PITAL,Dengue,2021-12-27,1.449460581464678,Bajo
41551,PITALITO,Dengue,2021-12-27,2.4530071641933424,Bajo
41615,RIVERA,Dengue,2021-12-20,1.7524828626949862,Bajo
41660,SALADOBLANCO,Dengue,2021-08-23,1.5070732578666286,Bajo
41668,SAN AGUSTÍN,Dengue,2021-12-27,1.4759439309815638,Bajo
41770,SUAZA,Dengue,2021-12-27,2.6346796809436,Bajo
41791,TARQUI,Dengue,2021-12-27,1.670854772699006,Bajo
41797,TESALIA,Dengue,2021-03-22,1.8186545586174514,Bajo
41799,TELLO,Dengue,2021-11-29,1.5182518444496256,Bajo
41801,TERUEL,Dengue,2021-08-23,5.104454667112291,Bajo
41807,TIMANÁ,Dengue,2021-12-13,1.6211844897893317,Bajo
41872,VILLAVIEJA,Dengue,2021-12-27,1.5000856063538883,Bajo
41885,YAGUARÁ,Dengue,2021-11-29,1.5856745701104389,Bajo
44001,RIOHACHA,Dengue,2021-12-27,60.06927795741799,Alto
44001,RIOHACHA,Malaria,2021-10-04,1.293119786703619,Bajo
44078,BARRANCAS,Dengue,2021-11-22,1.589924458959043,Bajo
44090,DIBULLA,Dengue,2021-12-27,1.6565176901275418,Bajo
44098,DISTRACCIÓN,Dengue,2021-12-06,1.6309609327587467,Bajo
44098,DISTRACCIÓN,Malaria,2021-11-29,1.1305746685424856,Bajo
44110,EL MOLINO,Dengue,2021-12-06,1.3860665458589234,Bajo
44279,FONSECA,Dengue,2021-12-06,1.5456625407607683,Bajo
44378,HATONUEVO,Dengue,2021-12-27,1.667099952640526,Bajo
44430,MAICAO,Dengue,2021-12-27,5.569128469512747,Bajo
44430,MAICAO,Malaria,2021-08-16,1.2479829429547622,Bajo
44560,MANAURE,Dengue,2021-12-27,6.071739481759488,Bajo
44650,SAN JUAN DEL CESAR,Dengue,2021-12-27,1.675046879575083,Bajo
44847,URIBIA,Dengue,2021-12-27,2.7989708047014497,Bajo
44855,URUMITA,Dengue,2021-11-15,1.2556641984204004,Bajo
47001,SANTA MARTA,Dengue,2021-12-27,24.345821082626898,Alto
47001,SANTA MARTA,Malaria,2021-10-04,1.344946232149756,Bajo
47030,ALGARROBO,Dengue,2021-11-22,1.420312120200275,Bajo
47053,ARACATACA,Dengue,2021-12-27,6.111154963331656,Bajo
47058,ARIGUANÍ,Dengue,2021-12-27,1.8128455281916058,Bajo
47170,CHIVOLO,Dengue,2021-12-20,1.56614271607372,Bajo
47189,CIÉNAGA,Dengue,2021-12-20,1.954450396624297,Bajo
47245,EL BANCO,Dengue,2021-12-06,1.5237863358844161,Bajo
47258,EL PIÑÓN,Dengue,2021-12-27,1.3766611959823067,Bajo
47268,EL RETÉN,Dengue,2021-12-27,2.092525555084678,Bajo
47288,FUNDACIÓN,Dengue,2021-12-27,2.059493821873551,Bajo
47318,GUAMAL,Dengue,2021-12-20,1.9397320398899929,Bajo
47460,NUEVA GRANADA,Dengue,2021-12-27,1.865567986112426,Bajo
47545,PIJIÑO DEL CARMEN,Dengue,2021-11-29,1.3627262195609449,Bajo
47551,PIVIJAY,Dengue,2021-12-13,1.403347575550892,Bajo
47555,PLATO,Dengue,2021-12-13,1.9134191592909722,Bajo
47570,PUEBLOVIEJO,Dengue,2021-12-20,1.4504351453889912,Bajo
47660,SABANAS DE SAN ÁNGEL,Dengue,2021-12-13,1.5723567267667775,Bajo
47692,SAN SEBASTIÁN DE BUENAVISTA,Dengue,2021-12-27,1.9610981045663198,Bajo
47703,SAN ZENÓN,Dengue,2021-12-20,1.3810855974823628,Bajo
47707,SANTA ANA,Dengue,2021-10-18,1.4957997236917748,Bajo
47960,ZAPAYÁN,Dengue,2021-02-08,1.3849817751098965,Bajo
47980,ZONA BANANERA,Dengue,2021-12-13,1.8380730121077415,Bajo
50001,VILLAVICENCIO,Dengue,2021-12-27,12.904559893059245,Medio
50001,VILLAVICENCIO,Malaria,2021-12-13,1.3078325083893927,Bajo
50006,ACACÍAS,Dengue,2021-12-27,9.932178249805753,Medio
50006,ACACÍAS,Malaria,2021-12-06,1.193772406990703,Bajo
50110,BARRANCA DE UPÍA,Dengue,2021-12-27,1.4821660836873702,Bajo
50124,CABUYARO,Dengue,2021-04-12,1.6009028795392823,Bajo
50150,CASTILLA LA NUEVA,Dengue,2021-12-27,1.6499615337706794,Bajo
50223,CUBARRAL,Dengue,2021-12-27,1.5987868938850496,Bajo
50226,CUMARAL,Dengue,2021-12-27,1.5341247029895992,Bajo
50251,EL CASTILLO,Dengue,2021-12-06,1.8273912067221367,Bajo
50270,EL DORADO,Dengue,2021-12-27,1.488095284009483,Bajo
50287,FUENTE DE ORO,Dengue,2021-12-27,1.5352900908458258,Bajo
50325,MAPIRIPÁN,Dengue,2021-11-15,1.303687656219803,Bajo
50325,MAPIRIPÁN,Malaria,2021-12-27,4.373708817447507,Bajo
50350,LA MACARENA,Dengue,2021-12-27,1.5920496183474229,Bajo
50400,LEJANÍAS,Dengue,2021-12-06,1.5807390119929163,Bajo
50450,PUERTO CONCORDIA,Dengue,2021-12-06,1.7146821741683849,Bajo
50450,PUERTO CONCORDIA,Malaria,2021-12-20,1.5207419015248176,Bajo
50568,PUERTO GAITÁN,Dengue,2021-12-13,1.8365877781605984,Bajo
50568,PUERTO GAITÁN,Malaria,2021-12-27,1.5557277289133937,Bajo
50573,PUERTO LÓPEZ,Dengue,2021-12-27,3.4333361196254604,Bajo
50573,PUERTO LÓPEZ,Malaria,2021-09-13,1.6012785550216564,Bajo
50577,PUERTO LLERAS,Dengue,2021-10-25,1.454390095034428,Bajo
50606,RESTREPO,Dengue,2021-12-27,1.519062023189707,Bajo
50680,SAN CARLOS DE GUAROA,Dengue,2021-12-27,1.5444350627444923,Bajo
50683,SAN JUAN DE ARAMA,Dengue,2021-12-06,1.5056090456459388,Bajo
50711,VISTAHERMOSA,Dengue,2021-12-20,1.512627424559799,Bajo
50711,VISTAHERMOSA,Malaria,2021-12-27,1.3476089736233146,Bajo
52001,PASTO,Dengue,2021-12-27,1.4668860576578022,Bajo
52001,PASTO,Malaria,2021-11-22,1.236941763033117,Bajo
52079,BARBACOAS,Dengue,2021-12-27,1.5591538889726198,Bajo
52079,BARBACOAS,Malaria,2021-12-27,8.952811361612465,Medio
52233,CUMBITARA,Malaria,2021-12-27,21.12520198994202,Alto
52250,EL CHARCO,Dengue,2021-12-27,1.2767715873811114,Bajo
52250,EL CHARCO,Malaria,2021-12-27,8.661057458971811,Medio
52356,IPIALES,Dengue,2021-03-22,1.2271301418243854,Bajo
52390,LA TOLA,Malaria,2021-12-27,7.9115642068368945,Bajo
52405,LEIVA,Dengue,2021-12-06,1.2639059025649084,Bajo
52427,MAGÜÍ,Dengue,2021-11-01,1.4902024608809943,Bajo
52427,MAGÜÍ,Malaria,2021-12-27,15.005667671111095,Medio
52490,OLAYA HERRERA,Dengue,2021-12-06,2.3892021492431517,Bajo
52490,OLAYA HERRERA,Malaria,2021-12-27,20.52313101799324,Medio
52520,FRANCISCO PIZARRO,Dengue,2021-11-01,1.522505401176876,Bajo
52520,FRANCISCO PIZARRO,Malaria,2021-12-27,4.342899248055803,Bajo
52540,POLICARPA,Dengue,2021-12-27,2.2404731739002726,Bajo
52540,POLICARPA,Malaria,2021-12-27,2.2989970851242725,Bajo
52621,ROBERTO PAYÁN,Dengue,2021-11-01,1.5504431460854202,Bajo
52621,ROBERTO PAYÁN,Malaria,2021-12-27,19.245570045886687,Medio
52678,SAMANIEGO,Dengue,2021-12-13,1.2677075258427704,Bajo
52786,TAMINANGO,Dengue,2021-06-14,1.5092625345928332,Bajo
52835,SAN ANDRÉS DE TUMACO,Dengue,2021-12-27,3.089483510966863,Bajo
52835,SAN ANDRÉS DE TUMACO,Malaria,2021-12-27,49.8693737450346,Alto
54001,SAN JOSÉ DE CÚCUTA,Dengue,2021-12-27,56.85659364941532,Alto
54001,SAN JOSÉ DE CÚCUTA,Malaria,2021-11-15,1.222532532924868,Bajo
54003,ÁBREGO,Dengue,2021-12-27,1.3845181563130624,Bajo
54051,ARBOLEDAS,Dengue,2021-12-27,1.610975654153032,Bajo
54051,ARBOLEDAS,Malaria,2021-10-18,1.1255364548832305,Bajo
54099,BOCHALEMA,Dengue,2021-11-08,1.276331512538131,Bajo
54109,BUCARASICA,Dengue,2021-09-06,1.4734277978400474,Bajo
54172,CHINÁCOTA,Dengue,2021-12-13,1.4884852514621203,Bajo
54206,CONVENCIÓN,Dengue,2021-12-20,1.9795037454653333,Bajo
54245,EL CARMEN,Dengue,2021-12-27,1.4491066259641654,Bajo
54250,EL TARRA,Dengue,2021-12-13,1.3803481573550642,Bajo
54250,EL TARRA,Malaria,2021-12-27,1.4159812794310405,Bajo
54261,EL ZULIA,Dengue,2021-12-27,2.6232480522648185,Bajo
54261,EL ZULIA,Malaria,2021-11-01,1.1406816421656036,Bajo
54313,GRAMALOTE,Dengue,2021-10-11,1.1772777136621602,Bajo
54344,HACARÍ,Dengue,2021-12-27,1.3721738417450662,Bajo
54385,LA ESPERANZA,Dengue,2021-12-20,1.753198672134355,Bajo
54398,LA PLAYA,Dengue,2021-12-13,1.577016704004039,Bajo
54405,LOS PATIOS,Dengue,2021-12-27,9.974437429105384,Medio
54498,OCAÑA,Dengue,2021-12-27,3.93412027260017,Bajo
54553,PUERTO SANTANDER,Dengue,2021-12-20,1.6404429039572834,Bajo
54553,PUERTO SANTANDER,Malaria,2021-12-27,1.9440527191031753,Bajo
54599,RAGONVALIA,Dengue,2021-12-20,1.379996628807378,Bajo
54660,SALAZAR,Dengue,2021-11-15,1.4684478106358219,Bajo
54670,SAN CALIXTO,Dengue,2021-12-06,1.4002757328041238,Bajo
54670,SAN CALIXTO,Malaria,2021-06-21,1.5387885181109744,Bajo
54720,SARDINATA,Dengue,2021-10-18,1.4136938759776982,Bajo
54720,SARDINATA,Malaria,2021-12-27,2.4081983734029198,Bajo
54800,TEORAMA,Dengue,2021-12-06,1.7319585172948941,Bajo
54800,TEORAMA,Malaria,2021-07-12,1.4764471181936827,Bajo
54810,TIBÚ,Dengue,2021-12-27,2.5962338569400787,Bajo
54810,TIBÚ,Malaria,2021-12-27,30.876389525270067,Alto
54874,VILLA DEL ROSARIO,Dengue,2021-12-27,6.6762265062686454,Bajo
63130,CALARCÁ,Dengue,2021-12-27,1.4277280587595338,Bajo
63190,CIRCASIA,Dengue,2021-11-22,1.3116913343053485,Bajo
63272,FILANDIA,Dengue,2021-11-29,1.3054230606571515,Bajo
63302,GÉNOVA,Dengue,2021-01-11,1.3523889158939935,Bajo
63401,LA TEBAIDA,Dengue,2021-12-20,1.6139255559100771,Bajo
63470,MONTENEGRO,Dengue,2021-12-27,1.4225449947092814,Bajo
63594,QUIMBAYA,Dengue,2021-12-27,1.4678245271608632,Bajo
66001,PEREIRA,Dengue,2021-12-27,1.8760941955991481,Bajo
66001,PEREIRA,Malaria,2021-12-20,1.1032887828488698,Bajo
66088,BELÉN DE UMBRÍA,Dengue,2021-12-27,1.349931347676253,Bajo
66170,DOSQUEBRADAS,Dengue,2021-12-06,1.3918948138009108,Bajo
66383,LA CELIA,Dengue,2021-12-20,1.2149052951773767,Bajo
66400,LA VIRGINIA,Dengue,2021-11-15,1.615428974260344,Bajo
66400,LA VIRGINIA,Malaria,2021-10-25,1.3424431537530928,Bajo
66456,MISTRATÓ,Malaria,2021-12-20,1.3759931024552206,Bajo
66572,PUEBLO RICO,Malaria,2021-12-27,13.95434664029546,Medio
66687,SANTUARIO,Malaria,2021-10-18,1.1290922191105794,Bajo
68001,BUCARAMANGA,Dengue,2021-12-27,6.783891298949603,Bajo
68079,BARICHARA,Dengue,2021-12-27,1.44483301222167,Bajo
68081,BARRANCABERMEJA,Dengue,2021-12-27,3.2071756044086612,Bajo
68081,BARRANCABERMEJA,Malaria,2021-02-08,1.1359100408465723,Bajo
68147,CAPITANEJO,Dengue,2021-01-11,1.7164025873846573,Bajo
68190,CIMITARRA,Dengue,2021-12-20,1.7809561242988834,Bajo
68190,CIMITARRA,Malaria,2021-07-12,1.284318764922558,Bajo
68209,CONFINES,Dengue,2021-09-13,1.1526696690753813,Bajo
68211,CONTRATACIÓN,Dengue,2021-10-04,1.250109466022999,Bajo
68217,COROMORO,Dengue,2021-10-11,1.173319368496057,Bajo
68229,CURITÍ,Dengue,2021-11-01,1.544865836409162,Bajo
68235,EL CARMEN DE CHUCURÍ,Dengue,2021-12-06,1.4566069822965195,Bajo
68255,EL PLAYÓN,Dengue,2021-11-15,1.4804082143026331,Bajo
68276,FLORIDABLANCA,Dengue,2021-12-27,1.9626607797981963,Bajo
68307,GIRÓN,Dengue,2021-12-27,1.7391827492112726,Bajo
68322,GUAPOTÁ,Dengue,2021-12-06,1.3851826144636248,Bajo
68385,LANDÁZURI,Dengue,2021-10-11,1.4871000900354376,Bajo
68406,LEBRIJA,Dengue,2021-12-20,1.687354078913518,Bajo
68418,LOS SANTOS,Dengue,2021-10-25,1.3228165732220973,Bajo
68432,MÁLAGA,Dengue,2021-10-11,1.197465215796527,Bajo
68444,MATANZA,Dengue,2021-07-12,1.3994269600422138,Bajo
68464,MOGOTES,Dengue,2021-12-13,1.3228729917871092,Bajo
68500,OIBA,Dengue,2021-11-08,1.3536564971756189,Bajo
68533,PÁRAMO,Dengue,2021-09-06,1.5766891869422883,Bajo
68547,PIEDECUESTA,Dengue,2021-12-27,1.7024183161785653,Bajo
68549,PINCHOTE,Dengue,2021-12-06,1.3007823253434148,Bajo
68573,PUERTO PARRA,Dengue,2021-10-11,1.4294633807015757,Bajo
68575,PUERTO WILCHES,Dengue,2021-12-06,1.32375729923627,Bajo
68655,SABANA DE TORRES,Dengue,2021-12-27,2.2312845018750225,Bajo
68669,SAN ANDRÉS,Dengue,2021-12-27,9.32745789897657,Medio
68673,SAN BENITO,Dengue,2021-01-25,1.3341815513945106,Bajo
68679,SAN GIL,Dengue,2021-12-27,1.6900115773924576,Bajo
68686,SAN MIGUEL,Dengue,2021-12-27,1.8033128364714814,Bajo
68689,SAN VICENTE DE CHUCURÍ,Dengue,2021-12-06,1.384032561524867,Bajo
68720,SANTA HELENA DEL OPÓN,Dengue,2021-11-29,1.3090315899173648,Bajo
68745,SIMACOTA,Dengue,2021-12-13,2.1250278647387697,Bajo
68755,SOCORRO,Dengue,2021-11-08,1.5306828711544926,Bajo
68770,SUAITA,Dengue,2021-10-18,1.3454746454004889,Bajo
68780,SURATÁ,Dengue,2021-04-26,1.4316867301715153,Bajo
68855,VALLE DE SAN JOSÉ,Dengue,2021-04-26,1.8106031025677947,Bajo
68861,VÉLEZ,Dengue,2021-08-23,1.427551870455746,Bajo
70001,SINCELEJO,Dengue,2021-12-27,30.23599614531692,Alto
70001,SINCELEJO,Malaria,2021-10-18,1.856057090794756,Bajo
70124,CAIMITO,Dengue,2021-11-08,1.4003229982793357,Bajo
70204,COLOSÓ,Dengue,2021-10-11,1.7352871035463382,Bajo
70215,COROZAL,Dengue,2021-12-27,5.529973394745654,Bajo
70215,COROZAL,Malaria,2021-12-20,1.114209275602362,Bajo
70221,COVEÑAS,Dengue,2021-12-20,2.080395488429252,Bajo
70221,COVEÑAS,Malaria,2021-09-13,1.1655006613145713,Bajo
70230,CHALÁN,Dengue,2021-11-08,1.440322074355206,Bajo
70233,EL ROBLE,Dengue,2021-12-27,1.29649895950718,Bajo
70235,GALERAS,Dengue,2021-12-20,1.3680156874233882,Bajo
70265,GUARANDA,Dengue,2021-10-11,1.4597161163940435,Bajo
70265,GUARANDA,Malaria,2021-05-17,1.3568291335233522,Bajo
70418,LOS PALMITOS,Dengue,2021-12-27,2.283246287899904,Bajo
70429,MAJAGUAL,Dengue,2021-12-13,1.6103766414867469,Bajo
70429,MAJAGUAL,Malaria,2021-12-13,1.1780108616617495,Bajo
70473,MORROA,Dengue,2021-12-27,2.080018686338466,Bajo
70508,OVEJAS,Dengue,2021-12-27,1.5199388561124647,Bajo
70508,OVEJAS,Malaria,2021-12-20,1.1739225001196014,Bajo
70523,PALMITO,Dengue,2021-12-20,1.5752579172656045,Bajo
70523,PALMITO,Malaria,2021-10-11,1.2684927915365454,Bajo
70670,SAMPUÉS,Dengue,2021-12-27,3.0789995977856854,Bajo
70678,SAN BENITO ABAD,Dengue,2021-12-27,1.3445632682870738,Bajo
70702,SAN JUAN DE BETULIA,Dengue,2021-12-27,1.4808909780913093,Bajo
70702,SAN JUAN DE BETULIA,Malaria,2021-09-20,1.1316914210756788,Bajo
70708,SAN MARCOS,Dengue,2021-12-27,2.6249138942196364,Bajo
70713,SAN ONOFRE,Dengue,2021-12-27,2.5070835880168736,Bajo
70717,SAN PEDRO,Dengue,2021-12-20,1.4952784378159483,Bajo
70742,SAN LUIS DE SINCÉ,Dengue,2021-12-27,1.631113162481979,Bajo
70820,SANTIAGO DE TOLÚ,Dengue,2021-12-27,1.4039545672904228,Bajo
70823,SAN JOSÉ DE TOLUVIEJO,Dengue,2021-12-27,1.8383423296790822,Bajo
73001,IBAGUÉ,Dengue,2021-12-27,3.3628509116789616,Bajo
73026,ALVARADO,Dengue,2021-12-06,1.5704091862257115,Bajo
73030,AMBALEMA,Dengue,2021-04-12,1.3782594256564908,Bajo
73043,ANZOÁTEGUI,Dengue,2021-10-11,1.3164741597465293,Bajo
73055,ARMERO,Dengue,2021-12-06,1.5343129910506343,Bajo
73067,ATACO,Dengue,2021-12-27,1.9298194379117097,Bajo
73124,CAJAMARCA,Dengue,2021-05-31,1.3290389277684893,Bajo
73148,CARMEN DE APICALÁ,Dengue,2021-12-27,1.5995970695617734,Bajo
73152,CASABIANCA,Dengue,2021-12-20,1.4806841982112129,Bajo
73168,CHAPARRAL,Dengue,2021-12-27,1.8189719804981745,Bajo
73200,COELLO,Dengue,2021-12-27,1.393025668010437,Bajo
73217,COYAIMA,Dengue,2021-12-20,1.7868351355660872,Bajo
73226,CUNDAY,Dengue,2021-12-20,1.2890384613601045,Bajo
73236,DOLORES,Dengue,2021-04-05,1.6066769380731074,Bajo
73268,ESPINAL,Dengue,2021-12-27,3.410594939669541,Bajo
73270,FALAN,Dengue,2021-12-20,1.4665981931139016,Bajo
73275,FLANDES,Dengue,2021-12-20,1.5638207620664044,Bajo
73283,FRESNO,Dengue,2021-12-13,1.6011891055627587,Bajo
73319,GUAMO,Dengue,2021-12-27,1.8402442898304714,Bajo
73349,HONDA,Dengue,2021-12-27,2.4971341793297697,Bajo
73352,ICONONZO,Dengue,2021-09-06,1.4140711314000716,Bajo
73408,LÉRIDA,Dengue,2021-12-27,1.5703871557509514,Bajo
73411,LÍBANO,Dengue,2021-12-27,1.5632222311117432,Bajo
73443,SAN SEBASTIÁN DE MARIQUITA,Dengue,2021-12-20,1.5032078112394291,Bajo
73449,MELGAR,Dengue,2021-12-27,2.9462437993511794,Bajo
73483,NATAGAIMA,Dengue,2021-12-20,1.3802427886781352,Bajo
73504,ORTEGA,Dengue,2021-12-13,1.9155056958521715,Bajo
73520,PALOCABILDO,Dengue,2021-12-27,1.679877391438331,Bajo
73547,PIEDRAS,Dengue,2021-10-11,1.4556371205520087,Bajo
73555,PLANADAS,Dengue,2021-12-27,1.652174039376034,Bajo
73563,PRADO,Dengue,2021-12-20,1.4136139999086597,Bajo
73585,PURIFICACIÓN,Dengue,2021-12-27,1.6507431846546252,Bajo
73616,RIOBLANCO,Dengue,2021-12-13,1.6659605494002059,Bajo
73624,ROVIRA,Dengue,2021-12-27,1.8726863069841349,Bajo
73671,SALDAÑA,Dengue,2021-12-20,2.301985143636012,Bajo
73675,SAN ANTONIO,Dengue,2021-11-22,2.717194932315007,Bajo
73686,SANTA ISABEL,Dengue,2021-11-15,1.2021351317833,Bajo
73854,VALLE DE SAN JUAN,Dengue,2021-10-25,1.6500548082236564,Bajo
73861,VENADILLO,Dengue,2021-12-27,1.475585405465258,Bajo
76001,SANTIAGO DE CALI,Dengue,2021-12-27,92.8333519630122,Alto
76001,SANTIAGO DE CALI,Malaria,2021-11-29,2.167058925035201,Bajo
76020,ALCALÁ,Dengue,2021-12-06,1.2587935763008131,Bajo
76036,ANDALUCÍA,Dengue,2021-12-27,1.4583307256931937,Bajo
76041,ANSERMANUEVO,Dengue,2021-12-20,1.264727880490892,Bajo
76109,BUENAVENTURA,Dengue,2021-12-27,6.567063192028675,Bajo
76109,BUENAVENTURA,Malaria,2021-12-27,17.351765736496716,Medio
76111,GUADALAJARA DE BUGA,Dengue,2021-12-27,1.8039215853868051,Bajo
76113,BUGALAGRANDE,Dengue,2021-12-13,1.4300927114618083,Bajo
76122,CAICEDONIA,Dengue,2021-12-06,1.4214331499581565,Bajo
76147,CARTAGO,Dengue,2021-12-27,2.08473727903992,Bajo
76147,CARTAGO,Malaria,2021-10-11,1.1835277684454502,Bajo
76233,DAGUA,Dengue,2021-12-27,1.888065379294348,Bajo
76233,DAGUA,Malaria,2021-08-16,1.6949109399852338,Bajo
76248,EL CERRITO,Dengue,2021-12-20,1.4381412982114217,Bajo
76250,EL DOVIO,Dengue,2021-11-22,1.2149514990560295,Bajo
76275,FLORIDA,Dengue,2021-12-27,5.257183566468992,Bajo
76275,FLORIDA,Malaria,2021-08-09,1.3324388292973004,Bajo
76306,GINEBRA,Dengue,2021-12-20,1.4529969223371846,Bajo
76318,GUACARÍ,Dengue,2021-11-01,1.521079967993415,Bajo
76364,JAMUNDÍ,Dengue,2021-12-27,4.228506433824929,Bajo
76364,JAMUNDÍ,Malaria,2021-06-14,1.1887017059927256,Bajo
76377,LA CUMBRE,Dengue,2021-11-01,1.280232891339216,Bajo
76497,OBANDO,Dengue,2021-12-06,1.4661830269432703,Bajo
76520,PALMIRA,Dengue,2021-12-27,2.998322005173194,Bajo
76520,PALMIRA,Malaria,2021-11-29,1.2122088749696962,Bajo
76563,PRADERA,Dengue,2021-12-13,1.4499009764858486,Bajo
76616,RIOFRÍO,Dengue,2021-04-26,2.398187179086558,Bajo
76622,ROLDANILLO,Dengue,2021-12-20,1.5371743270589135,Bajo
76736,SEVILLA,Dengue,2021-12-06,1.5204040907423906,Bajo
76736,SEVILLA,Malaria,2021-11-15,1.3140247532930207,Bajo
76823,TORO,Dengue,2021-12-13,1.386202657146283,Bajo
76828,TRUJILLO,Dengue,2021-12-27,1.4785724424224052,Bajo
76834,TULUÁ,Dengue,2021-12-27,2.422951625090651,Bajo
76834,TULUÁ,Malaria,2021-12-06,1.2236770304606246,Bajo
76845,ULLOA,Dengue,2021-09-13,1.189671617892511,Bajo
76863,VERSALLES,Dengue,2021-10-04,1.1923302992761,Bajo
76869,VIJES,Dengue,2021-12-27,1.3762772911858274,Bajo
76890,YOTOCO,Dengue,2021-12-27,1.554141113318666,Bajo
76892,YUMBO,Dengue,2021-12-27,7.775700948694675,Bajo
76895,ZARZAL,Dengue,2021-12-20,1.5209234888352725,Bajo
81001,ARAUCA,Dengue,2021-12-20,1.563820422383476,Bajo
81001,ARAUCA,Malaria,2021-11-29,1.205592918430907,Bajo
81065,ARAUQUITA,Dengue,2021-12-20,1.9033279010771786,Bajo
81065,ARAUQUITA,Malaria,2021-12-06,1.522680451349923,Bajo
81220,CRAVO NORTE,Dengue,2021-06-14,1.27029873425378,Bajo
81300,FORTUL,Dengue,2021-11-22,1.3656261571218913,Bajo
81736,SARAVENA,Dengue,2021-12-27,3.3447257963288823,Bajo
81736,SARAVENA,Malaria,2021-12-20,1.2839048318009834,Bajo
81794,TAME,Dengue,2021-12-13,1.7360729009622395,Bajo
81794,TAME,Malaria,2021-03-15,1.1745384566811237,Bajo
85001,YOPAL,Dengue,2021-12-27,29.33226705605516,Alto
85010,AGUAZUL,Dengue,2021-12-27,5.168398358941943,Bajo
85015,CHÁMEZA,Dengue,2021-10-18,1.7930187994884812,Bajo
85125,HATO COROZAL,Dengue,2021-08-02,1.454461125155512,Bajo
85125,HATO COROZAL,Malaria,2021-10-18,1.6078362099601269,Bajo
85139,MANÍ,Dengue,2021-10-18,1.446743010538082,Bajo
85162,MONTERREY,Dengue,2021-12-27,2.4743242525767934,Bajo
85225,NUNCHÍA,Dengue,2021-12-13,1.7045567495943543,Bajo
85230,OROCUÉ,Dengue,2021-12-27,2.5522479910807734,Bajo
85250,PAZ DE ARIPORO,Dengue,2021-12-27,3.3450092094943438,Bajo
85250,PAZ DE ARIPORO,Malaria,2021-11-08,2.049099819814129,Bajo
85263,PORE,Dengue,2021-12-27,1.740226539797169,Bajo
85325,SAN LUIS DE PALENQUE,Dengue,2021-12-27,2.266189468478558,Bajo
85400,TÁMARA,Dengue,2021-12-27,1.3758232684767773,Bajo
85410,TAURAMENA,Dengue,2021-12-27,1.5829548205298298,Bajo
85430,TRINIDAD,Dengue,2021-12-27,1.837140787281796,Bajo
86001,MOCOA,Dengue,2021-12-27,1.5353850793718644,Bajo
86001,MOCOA,Malaria,2021-11-15,1.1367541049565069,Bajo
86320,ORITO,Dengue,2021-12-27,1.7528363344610627,Bajo
86320,ORITO,Malaria,2021-10-25,1.2778738819702102,Bajo
86568,PUERTO ASÍS,Dengue,2021-12-13,1.7802762392701261,Bajo
86568,PUERTO ASÍS,Malaria,2021-09-27,1.3132887159256064,Bajo
86569,PUERTO CAICEDO,Dengue,2021-12-27,2.839721906049986,Bajo
86571,PUERTO GUZMÁN,Dengue,2021-12-20,1.4038130019914723,Bajo
86573,PUERTO LEGUÍZAMO,Dengue,2021-12-27,2.349419277626931,Bajo
86573,PUERTO LEGUÍZAMO,Malaria,2021-12-27,1.2340494242105184,Bajo
86865,VALLE DEL GUAMUEZ,Dengue,2021-12-27,1.7843969916412425,Bajo
86885,VILLAGARZÓN,Dengue,2021-12-27,2.8116848924514484,Bajo
91001,LETICIA,Dengue,2021-12-27,8.494023636726936,Medio
91001,LETICIA,Malaria,2021-12-27,1.3648496039789721,Bajo
91405,LA CHORRERA,Malaria,2021-12-06,1.1896699406868065,Bajo
91407,LA PEDRERA,Dengue,2021-12-27,2.558501106977712,Bajo
91407,LA PEDRERA,Malaria,2021-12-27,35.34541469547356,Alto
91536,PUERTO ARICA,Malaria,2021-12-27,2.469170911907704,Bajo
91540,PUERTO NARIÑO,Dengue,2021-11-01,1.321527632084961,Bajo
91540,PUERTO NARIÑO,Malaria,2021-12-27,2.9411726157731923,Bajo
91798,TARAPACÁ,Malaria,2021-12-27,15.343497156434125,Medio
94001,INÍRIDA,Dengue,2021-12-27,1.613814723484901,Bajo
94001,INÍRIDA,Malaria,2021-12-27,48.96605583053972,Alto
94883,SAN FELIPE,Malaria,2021-11-22,1.334059037234053,Bajo
94885,LA GUADALUPE,Malaria,2021-06-28,1.2603036118682351,Bajo
94886,CACAHUAL,Malaria,2021-12-27,1.472037417726276,Bajo
94887,PANA PANA,Malaria,2021-11-15,1.1913346076439741,Bajo
94888,MORICHAL,Malaria,2021-11-22,1.3441906088032622,Bajo
95001,SAN JOSÉ DEL GUAVIARE,Dengue,2021-12-27,1.6207317913934687,Bajo
95001,SAN JOSÉ DEL GUAVIARE,Malaria,2021-12-27,9.014028830649638,Medio
95025,EL RETORNO,Dengue,2021-11-22,1.5897388812478135,Bajo
95025,EL RETORNO,Malaria,2021-12-20,3.0005769772849913,Bajo
97001,MITÚ,Dengue,2021-09-20,1.6166280634888395,Bajo
97001,MITÚ,Malaria,2021-12-20,1.5908888005459252,Bajo
97511,PACOA,Malaria,2021-12-13,1.3124338843364218,Bajo
97666,TARAIRA,Malaria,2021-12-27,3.5632402418545492,Bajo
97889,YAVARATÉ,Malaria,2021-10-25,1.1989131848865857,Bajo
99001,PUERTO CARREÑO,Dengue,2021-12-06,1.7881823463155055,Bajo
99001,PUERTO CARREÑO,Malaria,2021-12-27,5.024117816119516,Bajo
99524,LA PRIMAVERA,Dengue,2021-04-26,1.661963710632016,Bajo
99524,LA PRIMAVERA,Malaria,2021-11-29,1.126657193233385,Bajo
99624,SANTA ROSALÍA,Dengue,2021-10-04,1.4099345191726798,Bajo
99624,SANTA ROSALÍA,Malaria,2021-12-27,1.1480639483764747,Bajo
99773,CUMARIBO,Dengue,2021-12-27,1.5039152103548035,Bajo
99773,CUMARIBO,Malaria,2021-12-27,10.753947148820671,Medio
